<?xml version="1.0" encoding="UTF-8"?>

<configuration experimentType="rnaseq_mrna_baseline" r_data="1">
    <analytics>
        <assay_groups>
            <assay_group id="g1" label="adult; adult vascular leaf; not applicable">
                <assay>ERR3333395</assay>
            </assay_group>
            <assay_group id="g2" label="adult; cauline leaf; not applicable">
                <assay>ERR3333391</assay>
            </assay_group>
            <assay_group id="g3" label="adult; cotyledon; not applicable">
                <assay>ERR3333412</assay>
            </assay_group>
            <assay_group id="g4" label="adult; fruit septum; not applicable">
                <assay>ERR3333400</assay>
            </assay_group>
            <assay_group id="g5" label="adult; fruit valve; not applicable">
                <assay>ERR3333401</assay>
            </assay_group>
            <assay_group id="g6" label="adult; petiole; rosette leaf 7 petiole">
                <assay>ERR3333394</assay>
            </assay_group>
            <assay_group id="g7" label="adult; root; not applicable">
                <assay>ERR3333396</assay>
            </assay_group>
            <assay_group id="g8" label="adult; rosette leaf; rosette leaf 1">
                <assay>ERR3333413</assay>
            </assay_group>
            <assay_group id="g9" label="adult; rosette leaf; rosette leaf 10">
                <assay>ERR3333423</assay>
            </assay_group>
            <assay_group id="g10" label="adult; rosette leaf; rosette leaf 11">
                <assay>ERR3333424</assay>
            </assay_group>
            <assay_group id="g11" label="adult; rosette leaf; rosette leaf 12">
                <assay>ERR3333425</assay>
            </assay_group>
            <assay_group id="g12" label="adult; rosette leaf; rosette leaf 2">
                <assay>ERR3333414</assay>
            </assay_group>
            <assay_group id="g13" label="adult; rosette leaf; rosette leaf 3">
                <assay>ERR3333415</assay>
            </assay_group>
            <assay_group id="g14" label="adult; rosette leaf; rosette leaf 4">
                <assay>ERR3333416</assay>
            </assay_group>
            <assay_group id="g15" label="adult; rosette leaf; rosette leaf 5">
                <assay>ERR3333417</assay>
            </assay_group>
            <assay_group id="g16" label="adult; rosette leaf; rosette leaf 6">
                <assay>ERR3333418</assay>
            </assay_group>
            <assay_group id="g17" label="adult; rosette leaf; rosette leaf 7">
                <assay>ERR3333419</assay>
            </assay_group>
            <assay_group id="g18" label="adult; rosette leaf; rosette leaf 7 distal part">
                <assay>ERR3333392</assay>
            </assay_group>
            <assay_group id="g19" label="adult; rosette leaf; rosette leaf 7 proximal part">
                <assay>ERR3333393</assay>
            </assay_group>
            <assay_group id="g20" label="adult; rosette leaf; rosette leaf 8">
                <assay>ERR3333420</assay>
            </assay_group>
            <assay_group id="g21" label="adult; rosette leaf; rosette leaf 9">
                <assay>ERR3333422</assay>
            </assay_group>
            <assay_group id="g22" label="adult; stem internode; second internode">
                <assay>ERR3333390</assay>
            </assay_group>
            <assay_group id="g23" label="adult; stem node; first node">
                <assay>ERR3333389</assay>
            </assay_group>
            <assay_group id="g24" label="callus; plant callus; not applicable">
                <assay>ERR3333402</assay>
                <assay>ERR3333403</assay>
            </assay_group>
            <assay_group id="g25" label="cell culture; root; not applicable">
                <assay>ERR3333405</assay>
                <assay>ERR3333404</assay>
            </assay_group>
            <assay_group id="g26" label="dry seed stage; seed; not applicable">
                <assay>ERR3333441</assay>
            </assay_group>
            <assay_group id="g27" label="embryo stage 10; seed; not applicable">
                <assay>ERR3333440</assay>
            </assay_group>
            <assay_group id="g28" label="embryo stage 6; seed; not applicable">
                <assay>ERR3333436</assay>
            </assay_group>
            <assay_group id="g29" label="embryo stage 7; seed; not applicable">
                <assay>ERR3333437</assay>
            </assay_group>
            <assay_group id="g30" label="embryo stage 8; seed; not applicable">
                <assay>ERR3333438</assay>
            </assay_group>
            <assay_group id="g31" label="embryo stage 9; seed; not applicable">
                <assay>ERR3333439</assay>
            </assay_group>
            <assay_group id="g32" label="flower stage 10; flower; not applicable">
                <assay>ERR3333427</assay>
            </assay_group>
            <assay_group id="g33" label="flower stage 11; flower; not applicable">
                <assay>ERR3333428</assay>
            </assay_group>
            <assay_group id="g34" label="flower stage 12; flower; not applicable">
                <assay>ERR3333429</assay>
            </assay_group>
            <assay_group id="g35" label="flower stage 13; flower; not applicable">
                <assay>ERR3333430</assay>
            </assay_group>
            <assay_group id="g36" label="flower stage 15; carpel; not applicable">
                <assay>ERR3333421</assay>
            </assay_group>
            <assay_group id="g37" label="flower stage 15; flower pedicel; not applicable">
                <assay>ERR3333397</assay>
            </assay_group>
            <assay_group id="g38" label="flower stage 15; flower; not applicable">
                <assay>ERR3333398</assay>
            </assay_group>
            <assay_group id="g39" label="flower stage 15; petal; not applicable">
                <assay>ERR3333399</assay>
            </assay_group>
            <assay_group id="g40" label="flower stage 15; pollen; not applicable">
                <assay>ERR3333443</assay>
            </assay_group>
            <assay_group id="g41" label="flower stage 15; sepal; not applicable">
                <assay>ERR3333388</assay>
            </assay_group>
            <assay_group id="g42" label="flower stage 15; stamen; not applicable">
                <assay>ERR3333410</assay>
            </assay_group>
            <assay_group id="g43" label="flower stage 9; flower; not applicable">
                <assay>ERR3333426</assay>
            </assay_group>
            <assay_group id="g44" label="seed imbibition stage; seed; not applicable">
                <assay>ERR3333442</assay>
            </assay_group>
            <assay_group id="g45" label="seedling; cotyledon; not applicable">
                <assay>ERR3333406</assay>
            </assay_group>
            <assay_group id="g46" label="seedling; hypocotyl; not applicable">
                <assay>ERR3333407</assay>
            </assay_group>
            <assay_group id="g47" label="seedling; mixed shoot apical meristem, cotyledon and first leaves; not applicable">
                <assay>ERR3333411</assay>
            </assay_group>
            <assay_group id="g48" label="seedling; root tip; not applicable">
                <assay>ERR3333408</assay>
            </assay_group>
            <assay_group id="g49" label="seedling; root tip; upper zone">
                <assay>ERR3333409</assay>
            </assay_group>
            <assay_group id="g50" label="silique stage 1; silique; not applicable">
                <assay>ERR3333431</assay>
            </assay_group>
            <assay_group id="g51" label="silique stage 2; silique; not applicable">
                <assay>ERR3333433</assay>
            </assay_group>
            <assay_group id="g52" label="silique stage 3; silique; not applicable">
                <assay>ERR3333432</assay>
            </assay_group>
            <assay_group id="g53" label="silique stage 4; silique; not applicable">
                <assay>ERR3333434</assay>
            </assay_group>
            <assay_group id="g54" label="silique stage 5; silique; not applicable">
                <assay>ERR3333435</assay>
            </assay_group>
        </assay_groups>
    </analytics>
</configuration>
