E-GEOD-58856		SRR1463325	characteristic	age	10 day
E-GEOD-58856		SRR1463325	characteristic	cell type	shoot epidermal cell	http://purl.obolibrary.org/obo/PO_0025165
E-GEOD-58856		SRR1463325	characteristic	cultivar	Col-0	http://www.ebi.ac.uk/efo/EFO_0005148
E-GEOD-58856		SRR1463325	characteristic	developmental stage	seedling	http://purl.obolibrary.org/obo/PO_0007131
E-GEOD-58856		SRR1463325	characteristic	genotype	ML1p::YFP-RCI2A
E-GEOD-58856		SRR1463325	characteristic	organism	Arabidopsis thaliana	http://purl.obolibrary.org/obo/NCBITaxon_3702
E-GEOD-58856		SRR1463325	characteristic	organism part	aerial tuber epidermis	http://purl.obolibrary.org/obo/PO_0025047
E-GEOD-58856		SRR1463325	factor	cell type	shoot epidermal cell	http://purl.obolibrary.org/obo/PO_0025165
E-GEOD-58856		SRR1463326	characteristic	age	10 day
E-GEOD-58856		SRR1463326	characteristic	cell type	shoot epidermal cell	http://purl.obolibrary.org/obo/PO_0025165
E-GEOD-58856		SRR1463326	characteristic	cultivar	Col-0	http://www.ebi.ac.uk/efo/EFO_0005148
E-GEOD-58856		SRR1463326	characteristic	developmental stage	seedling	http://purl.obolibrary.org/obo/PO_0007131
E-GEOD-58856		SRR1463326	characteristic	genotype	ML1p::YFP-RCI2A
E-GEOD-58856		SRR1463326	characteristic	organism	Arabidopsis thaliana	http://purl.obolibrary.org/obo/NCBITaxon_3702
E-GEOD-58856		SRR1463326	characteristic	organism part	aerial tuber epidermis	http://purl.obolibrary.org/obo/PO_0025047
E-GEOD-58856		SRR1463326	factor	cell type	shoot epidermal cell	http://purl.obolibrary.org/obo/PO_0025165
E-GEOD-58856		SRR1463327	characteristic	age	10 day
E-GEOD-58856		SRR1463327	characteristic	cell type	stomatal initial cell	http://purl.obolibrary.org/obo/PO_0000062
E-GEOD-58856		SRR1463327	characteristic	cultivar	Col-0	http://www.ebi.ac.uk/efo/EFO_0005148
E-GEOD-58856		SRR1463327	characteristic	developmental stage	seedling	http://purl.obolibrary.org/obo/PO_0007131
E-GEOD-58856		SRR1463327	characteristic	genotype	SPCHp::SPCH-YFP
E-GEOD-58856		SRR1463327	characteristic	organism	Arabidopsis thaliana	http://purl.obolibrary.org/obo/NCBITaxon_3702
E-GEOD-58856		SRR1463327	characteristic	organism part	aerial tuber epidermis	http://purl.obolibrary.org/obo/PO_0025047
E-GEOD-58856		SRR1463327	factor	cell type	stomatal initial cell	http://purl.obolibrary.org/obo/PO_0000062
E-GEOD-58856		SRR1463328	characteristic	age	10 day
E-GEOD-58856		SRR1463328	characteristic	cell type	stomatal initial cell	http://purl.obolibrary.org/obo/PO_0000062
E-GEOD-58856		SRR1463328	characteristic	cultivar	Col-0	http://www.ebi.ac.uk/efo/EFO_0005148
E-GEOD-58856		SRR1463328	characteristic	developmental stage	seedling	http://purl.obolibrary.org/obo/PO_0007131
E-GEOD-58856		SRR1463328	characteristic	genotype	SPCHp::SPCH-YFP
E-GEOD-58856		SRR1463328	characteristic	organism	Arabidopsis thaliana	http://purl.obolibrary.org/obo/NCBITaxon_3702
E-GEOD-58856		SRR1463328	characteristic	organism part	aerial tuber epidermis	http://purl.obolibrary.org/obo/PO_0025047
E-GEOD-58856		SRR1463328	factor	cell type	stomatal initial cell	http://purl.obolibrary.org/obo/PO_0000062
E-GEOD-58856		SRR1463329	characteristic	age	10 day
E-GEOD-58856		SRR1463329	characteristic	cell type	stomatal initial cell	http://purl.obolibrary.org/obo/PO_0000062
E-GEOD-58856		SRR1463329	characteristic	cultivar	Col-0	http://www.ebi.ac.uk/efo/EFO_0005148
E-GEOD-58856		SRR1463329	characteristic	developmental stage	seedling	http://purl.obolibrary.org/obo/PO_0007131
E-GEOD-58856		SRR1463329	characteristic	genotype	SPCHp::SPCH-YFP
E-GEOD-58856		SRR1463329	characteristic	organism	Arabidopsis thaliana	http://purl.obolibrary.org/obo/NCBITaxon_3702
E-GEOD-58856		SRR1463329	characteristic	organism part	aerial tuber epidermis	http://purl.obolibrary.org/obo/PO_0025047
E-GEOD-58856		SRR1463329	factor	cell type	stomatal initial cell	http://purl.obolibrary.org/obo/PO_0000062
E-GEOD-58856		SRR1463330	characteristic	age	10 day
E-GEOD-58856		SRR1463330	characteristic	cell type	mixed stomatal initial cell and guard mother cell
E-GEOD-58856		SRR1463330	characteristic	cultivar	Col-0	http://www.ebi.ac.uk/efo/EFO_0005148
E-GEOD-58856		SRR1463330	characteristic	developmental stage	seedling	http://purl.obolibrary.org/obo/PO_0007131
E-GEOD-58856		SRR1463330	characteristic	genotype	MUTEp::nucGFP
E-GEOD-58856		SRR1463330	characteristic	organism	Arabidopsis thaliana	http://purl.obolibrary.org/obo/NCBITaxon_3702
E-GEOD-58856		SRR1463330	characteristic	organism part	aerial tuber epidermis	http://purl.obolibrary.org/obo/PO_0025047
E-GEOD-58856		SRR1463330	factor	cell type	mixed stomatal initial cell and guard mother cell
E-GEOD-58856		SRR1463331	characteristic	age	10 day
E-GEOD-58856		SRR1463331	characteristic	cell type	mixed stomatal initial cell and guard mother cell
E-GEOD-58856		SRR1463331	characteristic	cultivar	Col-0	http://www.ebi.ac.uk/efo/EFO_0005148
E-GEOD-58856		SRR1463331	characteristic	developmental stage	seedling	http://purl.obolibrary.org/obo/PO_0007131
E-GEOD-58856		SRR1463331	characteristic	genotype	MUTEp::nucGFP
E-GEOD-58856		SRR1463331	characteristic	organism	Arabidopsis thaliana	http://purl.obolibrary.org/obo/NCBITaxon_3702
E-GEOD-58856		SRR1463331	characteristic	organism part	aerial tuber epidermis	http://purl.obolibrary.org/obo/PO_0025047
E-GEOD-58856		SRR1463331	factor	cell type	mixed stomatal initial cell and guard mother cell
E-GEOD-58856		SRR1463332	characteristic	age	10 day
E-GEOD-58856		SRR1463332	characteristic	cell type	mixed guard mother cell and guard cell
E-GEOD-58856		SRR1463332	characteristic	cultivar	Col-0	http://www.ebi.ac.uk/efo/EFO_0005148
E-GEOD-58856		SRR1463332	characteristic	developmental stage	seedling	http://purl.obolibrary.org/obo/PO_0007131
E-GEOD-58856		SRR1463332	characteristic	genotype	FAMAp::GFP-FAMA
E-GEOD-58856		SRR1463332	characteristic	organism	Arabidopsis thaliana	http://purl.obolibrary.org/obo/NCBITaxon_3702
E-GEOD-58856		SRR1463332	characteristic	organism part	aerial tuber epidermis	http://purl.obolibrary.org/obo/PO_0025047
E-GEOD-58856		SRR1463332	factor	cell type	mixed guard mother cell and guard cell
E-GEOD-58856		SRR1463333	characteristic	age	10 day
E-GEOD-58856		SRR1463333	characteristic	cell type	mixed guard mother cell and guard cell
E-GEOD-58856		SRR1463333	characteristic	cultivar	Col-0	http://www.ebi.ac.uk/efo/EFO_0005148
E-GEOD-58856		SRR1463333	characteristic	developmental stage	seedling	http://purl.obolibrary.org/obo/PO_0007131
E-GEOD-58856		SRR1463333	characteristic	genotype	FAMAp::GFP-FAMA
E-GEOD-58856		SRR1463333	characteristic	organism	Arabidopsis thaliana	http://purl.obolibrary.org/obo/NCBITaxon_3702
E-GEOD-58856		SRR1463333	characteristic	organism part	aerial tuber epidermis	http://purl.obolibrary.org/obo/PO_0025047
E-GEOD-58856		SRR1463333	factor	cell type	mixed guard mother cell and guard cell
E-GEOD-58856		SRR1463334	characteristic	age	10 day
E-GEOD-58856		SRR1463334	characteristic	cell type	guard cell	http://purl.obolibrary.org/obo/CL_0000292
E-GEOD-58856		SRR1463334	characteristic	cultivar	Col-0	http://www.ebi.ac.uk/efo/EFO_0005148
E-GEOD-58856		SRR1463334	characteristic	developmental stage	seedling	http://purl.obolibrary.org/obo/PO_0007131
E-GEOD-58856		SRR1463334	characteristic	genotype	E1728::GFP
E-GEOD-58856		SRR1463334	characteristic	organism	Arabidopsis thaliana	http://purl.obolibrary.org/obo/NCBITaxon_3702
E-GEOD-58856		SRR1463334	characteristic	organism part	aerial tuber epidermis	http://purl.obolibrary.org/obo/PO_0025047
E-GEOD-58856		SRR1463334	factor	cell type	guard cell	http://purl.obolibrary.org/obo/CL_0000292
E-GEOD-58856		SRR1463335	characteristic	age	10 day
E-GEOD-58856		SRR1463335	characteristic	cell type	guard cell	http://purl.obolibrary.org/obo/CL_0000292
E-GEOD-58856		SRR1463335	characteristic	cultivar	Col-0	http://www.ebi.ac.uk/efo/EFO_0005148
E-GEOD-58856		SRR1463335	characteristic	developmental stage	seedling	http://purl.obolibrary.org/obo/PO_0007131
E-GEOD-58856		SRR1463335	characteristic	genotype	E1728::GFP
E-GEOD-58856		SRR1463335	characteristic	organism	Arabidopsis thaliana	http://purl.obolibrary.org/obo/NCBITaxon_3702
E-GEOD-58856		SRR1463335	characteristic	organism part	aerial tuber epidermis	http://purl.obolibrary.org/obo/PO_0025047
E-GEOD-58856		SRR1463335	factor	cell type	guard cell	http://purl.obolibrary.org/obo/CL_0000292
