<?xml version="1.0" encoding="UTF-8"?>

<configuration experimentType="rnaseq_mrna_baseline" r_data="1">
    <analytics>
        <assay_groups>
            <assay_group id="g1" label="guard cell">
                <assay>SRR1463334</assay>
                <assay>SRR1463335</assay>
            </assay_group>
            <assay_group id="g2" label="mixed guard mother cell and guard cell">
                <assay>SRR1463332</assay>
                <assay>SRR1463333</assay>
            </assay_group>
            <assay_group id="g3" label="mixed stomatal initial cell and guard mother cell">
                <assay>SRR1463330</assay>
                <assay>SRR1463331</assay>
            </assay_group>
            <assay_group id="g4" label="shoot epidermal cell">
                <assay>SRR1463325</assay>
                <assay>SRR1463326</assay>
            </assay_group>
            <assay_group id="g5" label="stomatal initial cell">
                <assay>SRR1463329</assay>
                <assay>SRR1463328</assay>
                <assay>SRR1463327</assay>
            </assay_group>
        </assay_groups>
    </analytics>
</configuration>
