E-GEOD-94457		SRR5227388	characteristic	developmental stage	seed development stage	http://purl.obolibrary.org/obo/PO_0001170
E-GEOD-94457		SRR5227388	characteristic	ecotype	Col-0	http://www.ebi.ac.uk/efo/EFO_0005148
E-GEOD-94457		SRR5227388	characteristic	genotype	wild type genotype
E-GEOD-94457		SRR5227388	characteristic	organism	Arabidopsis thaliana	http://purl.obolibrary.org/obo/NCBITaxon_3702
E-GEOD-94457		SRR5227388	characteristic	organism part	seed	http://purl.obolibrary.org/obo/PO_0009010
E-GEOD-94457		SRR5227388	factor	developmental stage	seed development stage	http://purl.obolibrary.org/obo/PO_0001170
E-GEOD-94457		SRR5227388	factor	growth condition	freshly harvested
E-GEOD-94457		SRR5227388	factor	time	0 hour
E-GEOD-94457		SRR5227389	characteristic	developmental stage	seed development stage	http://purl.obolibrary.org/obo/PO_0001170
E-GEOD-94457		SRR5227389	characteristic	ecotype	Col-0	http://www.ebi.ac.uk/efo/EFO_0005148
E-GEOD-94457		SRR5227389	characteristic	genotype	wild type genotype
E-GEOD-94457		SRR5227389	characteristic	organism	Arabidopsis thaliana	http://purl.obolibrary.org/obo/NCBITaxon_3702
E-GEOD-94457		SRR5227389	characteristic	organism part	seed	http://purl.obolibrary.org/obo/PO_0009010
E-GEOD-94457		SRR5227389	factor	developmental stage	seed development stage	http://purl.obolibrary.org/obo/PO_0001170
E-GEOD-94457		SRR5227389	factor	growth condition	freshly harvested
E-GEOD-94457		SRR5227389	factor	time	0 hour
E-GEOD-94457		SRR5227390	characteristic	developmental stage	seed development stage	http://purl.obolibrary.org/obo/PO_0001170
E-GEOD-94457		SRR5227390	characteristic	ecotype	Col-0	http://www.ebi.ac.uk/efo/EFO_0005148
E-GEOD-94457		SRR5227390	characteristic	genotype	wild type genotype
E-GEOD-94457		SRR5227390	characteristic	organism	Arabidopsis thaliana	http://purl.obolibrary.org/obo/NCBITaxon_3702
E-GEOD-94457		SRR5227390	characteristic	organism part	seed	http://purl.obolibrary.org/obo/PO_0009010
E-GEOD-94457		SRR5227390	factor	developmental stage	seed development stage	http://purl.obolibrary.org/obo/PO_0001170
E-GEOD-94457		SRR5227390	factor	growth condition	freshly harvested
E-GEOD-94457		SRR5227390	factor	time	0 hour
E-GEOD-94457		SRR5227391	characteristic	developmental stage	dry seed stage	http://purl.obolibrary.org/obo/PO_0001040
E-GEOD-94457		SRR5227391	characteristic	ecotype	Col-0	http://www.ebi.ac.uk/efo/EFO_0005148
E-GEOD-94457		SRR5227391	characteristic	genotype	wild type genotype
E-GEOD-94457		SRR5227391	characteristic	organism	Arabidopsis thaliana	http://purl.obolibrary.org/obo/NCBITaxon_3702
E-GEOD-94457		SRR5227391	characteristic	organism part	seed	http://purl.obolibrary.org/obo/PO_0009010
E-GEOD-94457		SRR5227391	factor	developmental stage	dry seed stage	http://purl.obolibrary.org/obo/PO_0001040
E-GEOD-94457		SRR5227391	factor	growth condition	none	http://www.ebi.ac.uk/efo/EFO_0001461
E-GEOD-94457		SRR5227391	factor	time	0 hour
E-GEOD-94457		SRR5227392	characteristic	developmental stage	dry seed stage	http://purl.obolibrary.org/obo/PO_0001040
E-GEOD-94457		SRR5227392	characteristic	ecotype	Col-0	http://www.ebi.ac.uk/efo/EFO_0005148
E-GEOD-94457		SRR5227392	characteristic	genotype	wild type genotype
E-GEOD-94457		SRR5227392	characteristic	organism	Arabidopsis thaliana	http://purl.obolibrary.org/obo/NCBITaxon_3702
E-GEOD-94457		SRR5227392	characteristic	organism part	seed	http://purl.obolibrary.org/obo/PO_0009010
E-GEOD-94457		SRR5227392	factor	developmental stage	dry seed stage	http://purl.obolibrary.org/obo/PO_0001040
E-GEOD-94457		SRR5227392	factor	growth condition	none	http://www.ebi.ac.uk/efo/EFO_0001461
E-GEOD-94457		SRR5227392	factor	time	0 hour
E-GEOD-94457		SRR5227393	characteristic	developmental stage	dry seed stage	http://purl.obolibrary.org/obo/PO_0001040
E-GEOD-94457		SRR5227393	characteristic	ecotype	Col-0	http://www.ebi.ac.uk/efo/EFO_0005148
E-GEOD-94457		SRR5227393	characteristic	genotype	wild type genotype
E-GEOD-94457		SRR5227393	characteristic	organism	Arabidopsis thaliana	http://purl.obolibrary.org/obo/NCBITaxon_3702
E-GEOD-94457		SRR5227393	characteristic	organism part	seed	http://purl.obolibrary.org/obo/PO_0009010
E-GEOD-94457		SRR5227393	factor	developmental stage	dry seed stage	http://purl.obolibrary.org/obo/PO_0001040
E-GEOD-94457		SRR5227393	factor	growth condition	none	http://www.ebi.ac.uk/efo/EFO_0001461
E-GEOD-94457		SRR5227393	factor	time	0 hour
E-GEOD-94457		SRR5227394	characteristic	developmental stage	seed germination stage	http://purl.obolibrary.org/obo/PO_0007057
E-GEOD-94457		SRR5227394	characteristic	ecotype	Col-0	http://www.ebi.ac.uk/efo/EFO_0005148
E-GEOD-94457		SRR5227394	characteristic	genotype	wild type genotype
E-GEOD-94457		SRR5227394	characteristic	organism	Arabidopsis thaliana	http://purl.obolibrary.org/obo/NCBITaxon_3702
E-GEOD-94457		SRR5227394	characteristic	organism part	germinating seed	http://purl.obolibrary.org/obo/PO_0007057
E-GEOD-94457		SRR5227394	factor	developmental stage	seed germination stage	http://purl.obolibrary.org/obo/PO_0007057
E-GEOD-94457		SRR5227394	factor	growth condition	stratification treatment
E-GEOD-94457		SRR5227394	factor	time	1 hour
E-GEOD-94457		SRR5227395	characteristic	developmental stage	seed germination stage	http://purl.obolibrary.org/obo/PO_0007057
E-GEOD-94457		SRR5227395	characteristic	ecotype	Col-0	http://www.ebi.ac.uk/efo/EFO_0005148
E-GEOD-94457		SRR5227395	characteristic	genotype	wild type genotype
E-GEOD-94457		SRR5227395	characteristic	organism	Arabidopsis thaliana	http://purl.obolibrary.org/obo/NCBITaxon_3702
E-GEOD-94457		SRR5227395	characteristic	organism part	germinating seed	http://purl.obolibrary.org/obo/PO_0007057
E-GEOD-94457		SRR5227395	factor	developmental stage	seed germination stage	http://purl.obolibrary.org/obo/PO_0007057
E-GEOD-94457		SRR5227395	factor	growth condition	stratification treatment
E-GEOD-94457		SRR5227395	factor	time	1 hour
E-GEOD-94457		SRR5227396	characteristic	developmental stage	seed germination stage	http://purl.obolibrary.org/obo/PO_0007057
E-GEOD-94457		SRR5227396	characteristic	ecotype	Col-0	http://www.ebi.ac.uk/efo/EFO_0005148
E-GEOD-94457		SRR5227396	characteristic	genotype	wild type genotype
E-GEOD-94457		SRR5227396	characteristic	organism	Arabidopsis thaliana	http://purl.obolibrary.org/obo/NCBITaxon_3702
E-GEOD-94457		SRR5227396	characteristic	organism part	germinating seed	http://purl.obolibrary.org/obo/PO_0007057
E-GEOD-94457		SRR5227396	factor	developmental stage	seed germination stage	http://purl.obolibrary.org/obo/PO_0007057
E-GEOD-94457		SRR5227396	factor	growth condition	stratification treatment
E-GEOD-94457		SRR5227396	factor	time	1 hour
E-GEOD-94457		SRR5227397	characteristic	developmental stage	seed germination stage	http://purl.obolibrary.org/obo/PO_0007057
E-GEOD-94457		SRR5227397	characteristic	ecotype	Col-0	http://www.ebi.ac.uk/efo/EFO_0005148
E-GEOD-94457		SRR5227397	characteristic	genotype	wild type genotype
E-GEOD-94457		SRR5227397	characteristic	organism	Arabidopsis thaliana	http://purl.obolibrary.org/obo/NCBITaxon_3702
E-GEOD-94457		SRR5227397	characteristic	organism part	germinating seed	http://purl.obolibrary.org/obo/PO_0007057
E-GEOD-94457		SRR5227397	factor	developmental stage	seed germination stage	http://purl.obolibrary.org/obo/PO_0007057
E-GEOD-94457		SRR5227397	factor	growth condition	stratification treatment
E-GEOD-94457		SRR5227397	factor	time	12 hour
E-GEOD-94457		SRR5227398	characteristic	developmental stage	seed germination stage	http://purl.obolibrary.org/obo/PO_0007057
E-GEOD-94457		SRR5227398	characteristic	ecotype	Col-0	http://www.ebi.ac.uk/efo/EFO_0005148
E-GEOD-94457		SRR5227398	characteristic	genotype	wild type genotype
E-GEOD-94457		SRR5227398	characteristic	organism	Arabidopsis thaliana	http://purl.obolibrary.org/obo/NCBITaxon_3702
E-GEOD-94457		SRR5227398	characteristic	organism part	germinating seed	http://purl.obolibrary.org/obo/PO_0007057
E-GEOD-94457		SRR5227398	factor	developmental stage	seed germination stage	http://purl.obolibrary.org/obo/PO_0007057
E-GEOD-94457		SRR5227398	factor	growth condition	stratification treatment
E-GEOD-94457		SRR5227398	factor	time	12 hour
E-GEOD-94457		SRR5227399	characteristic	developmental stage	seed germination stage	http://purl.obolibrary.org/obo/PO_0007057
E-GEOD-94457		SRR5227399	characteristic	ecotype	Col-0	http://www.ebi.ac.uk/efo/EFO_0005148
E-GEOD-94457		SRR5227399	characteristic	genotype	wild type genotype
E-GEOD-94457		SRR5227399	characteristic	organism	Arabidopsis thaliana	http://purl.obolibrary.org/obo/NCBITaxon_3702
E-GEOD-94457		SRR5227399	characteristic	organism part	germinating seed	http://purl.obolibrary.org/obo/PO_0007057
E-GEOD-94457		SRR5227399	factor	developmental stage	seed germination stage	http://purl.obolibrary.org/obo/PO_0007057
E-GEOD-94457		SRR5227399	factor	growth condition	stratification treatment
E-GEOD-94457		SRR5227399	factor	time	12 hour
E-GEOD-94457		SRR5227400	characteristic	developmental stage	seed germination stage	http://purl.obolibrary.org/obo/PO_0007057
E-GEOD-94457		SRR5227400	characteristic	ecotype	Col-0	http://www.ebi.ac.uk/efo/EFO_0005148
E-GEOD-94457		SRR5227400	characteristic	genotype	wild type genotype
E-GEOD-94457		SRR5227400	characteristic	organism	Arabidopsis thaliana	http://purl.obolibrary.org/obo/NCBITaxon_3702
E-GEOD-94457		SRR5227400	characteristic	organism part	germinating seed	http://purl.obolibrary.org/obo/PO_0007057
E-GEOD-94457		SRR5227400	factor	developmental stage	seed germination stage	http://purl.obolibrary.org/obo/PO_0007057
E-GEOD-94457		SRR5227400	factor	growth condition	stratification treatment
E-GEOD-94457		SRR5227400	factor	time	48 hour
E-GEOD-94457		SRR5227401	characteristic	developmental stage	seed germination stage	http://purl.obolibrary.org/obo/PO_0007057
E-GEOD-94457		SRR5227401	characteristic	ecotype	Col-0	http://www.ebi.ac.uk/efo/EFO_0005148
E-GEOD-94457		SRR5227401	characteristic	genotype	wild type genotype
E-GEOD-94457		SRR5227401	characteristic	organism	Arabidopsis thaliana	http://purl.obolibrary.org/obo/NCBITaxon_3702
E-GEOD-94457		SRR5227401	characteristic	organism part	germinating seed	http://purl.obolibrary.org/obo/PO_0007057
E-GEOD-94457		SRR5227401	factor	developmental stage	seed germination stage	http://purl.obolibrary.org/obo/PO_0007057
E-GEOD-94457		SRR5227401	factor	growth condition	stratification treatment
E-GEOD-94457		SRR5227401	factor	time	48 hour
E-GEOD-94457		SRR5227402	characteristic	developmental stage	seed germination stage	http://purl.obolibrary.org/obo/PO_0007057
E-GEOD-94457		SRR5227402	characteristic	ecotype	Col-0	http://www.ebi.ac.uk/efo/EFO_0005148
E-GEOD-94457		SRR5227402	characteristic	genotype	wild type genotype
E-GEOD-94457		SRR5227402	characteristic	organism	Arabidopsis thaliana	http://purl.obolibrary.org/obo/NCBITaxon_3702
E-GEOD-94457		SRR5227402	characteristic	organism part	germinating seed	http://purl.obolibrary.org/obo/PO_0007057
E-GEOD-94457		SRR5227402	factor	developmental stage	seed germination stage	http://purl.obolibrary.org/obo/PO_0007057
E-GEOD-94457		SRR5227402	factor	growth condition	stratification treatment
E-GEOD-94457		SRR5227402	factor	time	48 hour
E-GEOD-94457		SRR5227403	characteristic	developmental stage	seed germination stage	http://purl.obolibrary.org/obo/PO_0007057
E-GEOD-94457		SRR5227403	characteristic	ecotype	Col-0	http://www.ebi.ac.uk/efo/EFO_0005148
E-GEOD-94457		SRR5227403	characteristic	genotype	wild type genotype
E-GEOD-94457		SRR5227403	characteristic	organism	Arabidopsis thaliana	http://purl.obolibrary.org/obo/NCBITaxon_3702
E-GEOD-94457		SRR5227403	characteristic	organism part	germinating seed	http://purl.obolibrary.org/obo/PO_0007057
E-GEOD-94457		SRR5227403	factor	developmental stage	seed germination stage	http://purl.obolibrary.org/obo/PO_0007057
E-GEOD-94457		SRR5227403	factor	growth condition	continuous light regimen	http://purl.obolibrary.org/obo/EO_0007162
E-GEOD-94457		SRR5227403	factor	time	1 hour
E-GEOD-94457		SRR5227404	characteristic	developmental stage	seed germination stage	http://purl.obolibrary.org/obo/PO_0007057
E-GEOD-94457		SRR5227404	characteristic	ecotype	Col-0	http://www.ebi.ac.uk/efo/EFO_0005148
E-GEOD-94457		SRR5227404	characteristic	genotype	wild type genotype
E-GEOD-94457		SRR5227404	characteristic	organism	Arabidopsis thaliana	http://purl.obolibrary.org/obo/NCBITaxon_3702
E-GEOD-94457		SRR5227404	characteristic	organism part	germinating seed	http://purl.obolibrary.org/obo/PO_0007057
E-GEOD-94457		SRR5227404	factor	developmental stage	seed germination stage	http://purl.obolibrary.org/obo/PO_0007057
E-GEOD-94457		SRR5227404	factor	growth condition	continuous light regimen	http://purl.obolibrary.org/obo/EO_0007162
E-GEOD-94457		SRR5227404	factor	time	1 hour
E-GEOD-94457		SRR5227405	characteristic	developmental stage	seed germination stage	http://purl.obolibrary.org/obo/PO_0007057
E-GEOD-94457		SRR5227405	characteristic	ecotype	Col-0	http://www.ebi.ac.uk/efo/EFO_0005148
E-GEOD-94457		SRR5227405	characteristic	genotype	wild type genotype
E-GEOD-94457		SRR5227405	characteristic	organism	Arabidopsis thaliana	http://purl.obolibrary.org/obo/NCBITaxon_3702
E-GEOD-94457		SRR5227405	characteristic	organism part	germinating seed	http://purl.obolibrary.org/obo/PO_0007057
E-GEOD-94457		SRR5227405	factor	developmental stage	seed germination stage	http://purl.obolibrary.org/obo/PO_0007057
E-GEOD-94457		SRR5227405	factor	growth condition	continuous light regimen	http://purl.obolibrary.org/obo/EO_0007162
E-GEOD-94457		SRR5227405	factor	time	1 hour
E-GEOD-94457		SRR5227406	characteristic	developmental stage	seed germination stage	http://purl.obolibrary.org/obo/PO_0007057
E-GEOD-94457		SRR5227406	characteristic	ecotype	Col-0	http://www.ebi.ac.uk/efo/EFO_0005148
E-GEOD-94457		SRR5227406	characteristic	genotype	wild type genotype
E-GEOD-94457		SRR5227406	characteristic	organism	Arabidopsis thaliana	http://purl.obolibrary.org/obo/NCBITaxon_3702
E-GEOD-94457		SRR5227406	characteristic	organism part	germinating seed	http://purl.obolibrary.org/obo/PO_0007057
E-GEOD-94457		SRR5227406	factor	developmental stage	seed germination stage	http://purl.obolibrary.org/obo/PO_0007057
E-GEOD-94457		SRR5227406	factor	growth condition	continuous light regimen	http://purl.obolibrary.org/obo/EO_0007162
E-GEOD-94457		SRR5227406	factor	time	6 hour
E-GEOD-94457		SRR5227407	characteristic	developmental stage	seed germination stage	http://purl.obolibrary.org/obo/PO_0007057
E-GEOD-94457		SRR5227407	characteristic	ecotype	Col-0	http://www.ebi.ac.uk/efo/EFO_0005148
E-GEOD-94457		SRR5227407	characteristic	genotype	wild type genotype
E-GEOD-94457		SRR5227407	characteristic	organism	Arabidopsis thaliana	http://purl.obolibrary.org/obo/NCBITaxon_3702
E-GEOD-94457		SRR5227407	characteristic	organism part	germinating seed	http://purl.obolibrary.org/obo/PO_0007057
E-GEOD-94457		SRR5227407	factor	developmental stage	seed germination stage	http://purl.obolibrary.org/obo/PO_0007057
E-GEOD-94457		SRR5227407	factor	growth condition	continuous light regimen	http://purl.obolibrary.org/obo/EO_0007162
E-GEOD-94457		SRR5227407	factor	time	6 hour
E-GEOD-94457		SRR5227408	characteristic	developmental stage	seed germination stage	http://purl.obolibrary.org/obo/PO_0007057
E-GEOD-94457		SRR5227408	characteristic	ecotype	Col-0	http://www.ebi.ac.uk/efo/EFO_0005148
E-GEOD-94457		SRR5227408	characteristic	genotype	wild type genotype
E-GEOD-94457		SRR5227408	characteristic	organism	Arabidopsis thaliana	http://purl.obolibrary.org/obo/NCBITaxon_3702
E-GEOD-94457		SRR5227408	characteristic	organism part	germinating seed	http://purl.obolibrary.org/obo/PO_0007057
E-GEOD-94457		SRR5227408	factor	developmental stage	seed germination stage	http://purl.obolibrary.org/obo/PO_0007057
E-GEOD-94457		SRR5227408	factor	growth condition	continuous light regimen	http://purl.obolibrary.org/obo/EO_0007162
E-GEOD-94457		SRR5227408	factor	time	6 hour
E-GEOD-94457		SRR5227409	characteristic	developmental stage	seed germination stage	http://purl.obolibrary.org/obo/PO_0007057
E-GEOD-94457		SRR5227409	characteristic	ecotype	Col-0	http://www.ebi.ac.uk/efo/EFO_0005148
E-GEOD-94457		SRR5227409	characteristic	genotype	wild type genotype
E-GEOD-94457		SRR5227409	characteristic	organism	Arabidopsis thaliana	http://purl.obolibrary.org/obo/NCBITaxon_3702
E-GEOD-94457		SRR5227409	characteristic	organism part	germinating seed	http://purl.obolibrary.org/obo/PO_0007057
E-GEOD-94457		SRR5227409	factor	developmental stage	seed germination stage	http://purl.obolibrary.org/obo/PO_0007057
E-GEOD-94457		SRR5227409	factor	growth condition	continuous light regimen	http://purl.obolibrary.org/obo/EO_0007162
E-GEOD-94457		SRR5227409	factor	time	12 hour
E-GEOD-94457		SRR5227410	characteristic	developmental stage	seed germination stage	http://purl.obolibrary.org/obo/PO_0007057
E-GEOD-94457		SRR5227410	characteristic	ecotype	Col-0	http://www.ebi.ac.uk/efo/EFO_0005148
E-GEOD-94457		SRR5227410	characteristic	genotype	wild type genotype
E-GEOD-94457		SRR5227410	characteristic	organism	Arabidopsis thaliana	http://purl.obolibrary.org/obo/NCBITaxon_3702
E-GEOD-94457		SRR5227410	characteristic	organism part	germinating seed	http://purl.obolibrary.org/obo/PO_0007057
E-GEOD-94457		SRR5227410	factor	developmental stage	seed germination stage	http://purl.obolibrary.org/obo/PO_0007057
E-GEOD-94457		SRR5227410	factor	growth condition	continuous light regimen	http://purl.obolibrary.org/obo/EO_0007162
E-GEOD-94457		SRR5227410	factor	time	12 hour
E-GEOD-94457		SRR5227411	characteristic	developmental stage	seed germination stage	http://purl.obolibrary.org/obo/PO_0007057
E-GEOD-94457		SRR5227411	characteristic	ecotype	Col-0	http://www.ebi.ac.uk/efo/EFO_0005148
E-GEOD-94457		SRR5227411	characteristic	genotype	wild type genotype
E-GEOD-94457		SRR5227411	characteristic	organism	Arabidopsis thaliana	http://purl.obolibrary.org/obo/NCBITaxon_3702
E-GEOD-94457		SRR5227411	characteristic	organism part	germinating seed	http://purl.obolibrary.org/obo/PO_0007057
E-GEOD-94457		SRR5227411	factor	developmental stage	seed germination stage	http://purl.obolibrary.org/obo/PO_0007057
E-GEOD-94457		SRR5227411	factor	growth condition	continuous light regimen	http://purl.obolibrary.org/obo/EO_0007162
E-GEOD-94457		SRR5227411	factor	time	12 hour
E-GEOD-94457		SRR5227412	characteristic	developmental stage	seed germination stage	http://purl.obolibrary.org/obo/PO_0007057
E-GEOD-94457		SRR5227412	characteristic	ecotype	Col-0	http://www.ebi.ac.uk/efo/EFO_0005148
E-GEOD-94457		SRR5227412	characteristic	genotype	wild type genotype
E-GEOD-94457		SRR5227412	characteristic	organism	Arabidopsis thaliana	http://purl.obolibrary.org/obo/NCBITaxon_3702
E-GEOD-94457		SRR5227412	characteristic	organism part	germinating seed	http://purl.obolibrary.org/obo/PO_0007057
E-GEOD-94457		SRR5227412	factor	developmental stage	seed germination stage	http://purl.obolibrary.org/obo/PO_0007057
E-GEOD-94457		SRR5227412	factor	growth condition	continuous light regimen	http://purl.obolibrary.org/obo/EO_0007162
E-GEOD-94457		SRR5227412	factor	time	24 hour
E-GEOD-94457		SRR5227413	characteristic	developmental stage	seed germination stage	http://purl.obolibrary.org/obo/PO_0007057
E-GEOD-94457		SRR5227413	characteristic	ecotype	Col-0	http://www.ebi.ac.uk/efo/EFO_0005148
E-GEOD-94457		SRR5227413	characteristic	genotype	wild type genotype
E-GEOD-94457		SRR5227413	characteristic	organism	Arabidopsis thaliana	http://purl.obolibrary.org/obo/NCBITaxon_3702
E-GEOD-94457		SRR5227413	characteristic	organism part	germinating seed	http://purl.obolibrary.org/obo/PO_0007057
E-GEOD-94457		SRR5227413	factor	developmental stage	seed germination stage	http://purl.obolibrary.org/obo/PO_0007057
E-GEOD-94457		SRR5227413	factor	growth condition	continuous light regimen	http://purl.obolibrary.org/obo/EO_0007162
E-GEOD-94457		SRR5227413	factor	time	24 hour
E-GEOD-94457		SRR5227414	characteristic	developmental stage	seed germination stage	http://purl.obolibrary.org/obo/PO_0007057
E-GEOD-94457		SRR5227414	characteristic	ecotype	Col-0	http://www.ebi.ac.uk/efo/EFO_0005148
E-GEOD-94457		SRR5227414	characteristic	genotype	wild type genotype
E-GEOD-94457		SRR5227414	characteristic	organism	Arabidopsis thaliana	http://purl.obolibrary.org/obo/NCBITaxon_3702
E-GEOD-94457		SRR5227414	characteristic	organism part	germinating seed	http://purl.obolibrary.org/obo/PO_0007057
E-GEOD-94457		SRR5227414	factor	developmental stage	seed germination stage	http://purl.obolibrary.org/obo/PO_0007057
E-GEOD-94457		SRR5227414	factor	growth condition	continuous light regimen	http://purl.obolibrary.org/obo/EO_0007162
E-GEOD-94457		SRR5227414	factor	time	24 hour
E-GEOD-94457		SRR5227415	characteristic	developmental stage	seedling developmental stage	http://purl.obolibrary.org/obo/PO_0007131
E-GEOD-94457		SRR5227415	characteristic	ecotype	Col-0	http://www.ebi.ac.uk/efo/EFO_0005148
E-GEOD-94457		SRR5227415	characteristic	genotype	wild type genotype
E-GEOD-94457		SRR5227415	characteristic	organism	Arabidopsis thaliana	http://purl.obolibrary.org/obo/NCBITaxon_3702
E-GEOD-94457		SRR5227415	characteristic	organism part	whole organism	http://purl.obolibrary.org/obo/UBERON_0000468
E-GEOD-94457		SRR5227415	factor	developmental stage	seedling developmental stage	http://purl.obolibrary.org/obo/PO_0007131
E-GEOD-94457		SRR5227415	factor	growth condition	continuous light regimen	http://purl.obolibrary.org/obo/EO_0007162
E-GEOD-94457		SRR5227415	factor	time	48 hour
E-GEOD-94457		SRR5227416	characteristic	developmental stage	seedling developmental stage	http://purl.obolibrary.org/obo/PO_0007131
E-GEOD-94457		SRR5227416	characteristic	ecotype	Col-0	http://www.ebi.ac.uk/efo/EFO_0005148
E-GEOD-94457		SRR5227416	characteristic	genotype	wild type genotype
E-GEOD-94457		SRR5227416	characteristic	organism	Arabidopsis thaliana	http://purl.obolibrary.org/obo/NCBITaxon_3702
E-GEOD-94457		SRR5227416	characteristic	organism part	whole organism	http://purl.obolibrary.org/obo/UBERON_0000468
E-GEOD-94457		SRR5227416	factor	developmental stage	seedling developmental stage	http://purl.obolibrary.org/obo/PO_0007131
E-GEOD-94457		SRR5227416	factor	growth condition	continuous light regimen	http://purl.obolibrary.org/obo/EO_0007162
E-GEOD-94457		SRR5227416	factor	time	48 hour
E-GEOD-94457		SRR5227417	characteristic	developmental stage	seedling developmental stage	http://purl.obolibrary.org/obo/PO_0007131
E-GEOD-94457		SRR5227417	characteristic	ecotype	Col-0	http://www.ebi.ac.uk/efo/EFO_0005148
E-GEOD-94457		SRR5227417	characteristic	genotype	wild type genotype
E-GEOD-94457		SRR5227417	characteristic	organism	Arabidopsis thaliana	http://purl.obolibrary.org/obo/NCBITaxon_3702
E-GEOD-94457		SRR5227417	characteristic	organism part	whole organism	http://purl.obolibrary.org/obo/UBERON_0000468
E-GEOD-94457		SRR5227417	factor	developmental stage	seedling developmental stage	http://purl.obolibrary.org/obo/PO_0007131
E-GEOD-94457		SRR5227417	factor	growth condition	continuous light regimen	http://purl.obolibrary.org/obo/EO_0007162
E-GEOD-94457		SRR5227417	factor	time	48 hour
