<?xml version="1.0" encoding="UTF-8"?>

<configuration experimentType="rnaseq_mrna_baseline" r_data="1">
    <analytics>
        <assay_groups>
            <assay_group id="g1" label="dry seed stage; none; 0 hour">
                <assay>SRR5227391</assay>
                <assay>SRR5227392</assay>
                <assay>SRR5227393</assay>
            </assay_group>
            <assay_group id="g2" label="seed development stage; freshly harvested; 0 hour">
                <assay>SRR5227388</assay>
                <assay>SRR5227390</assay>
                <assay>SRR5227389</assay>
            </assay_group>
            <assay_group id="g3" label="seed germination stage; continuous light regimen; 1 hour">
                <assay>SRR5227405</assay>
                <assay>SRR5227404</assay>
                <assay>SRR5227403</assay>
            </assay_group>
            <assay_group id="g4" label="seed germination stage; continuous light regimen; 12 hour">
                <assay>SRR5227411</assay>
                <assay>SRR5227410</assay>
                <assay>SRR5227409</assay>
            </assay_group>
            <assay_group id="g5" label="seed germination stage; continuous light regimen; 24 hour">
                <assay>SRR5227412</assay>
                <assay>SRR5227414</assay>
                <assay>SRR5227413</assay>
            </assay_group>
            <assay_group id="g6" label="seed germination stage; continuous light regimen; 6 hour">
                <assay>SRR5227407</assay>
                <assay>SRR5227406</assay>
                <assay>SRR5227408</assay>
            </assay_group>
            <assay_group id="g7" label="seed germination stage; stratification treatment; 1 hour">
                <assay>SRR5227395</assay>
                <assay>SRR5227394</assay>
                <assay>SRR5227396</assay>
            </assay_group>
            <assay_group id="g8" label="seed germination stage; stratification treatment; 12 hour">
                <assay>SRR5227398</assay>
                <assay>SRR5227397</assay>
                <assay>SRR5227399</assay>
            </assay_group>
            <assay_group id="g9" label="seed germination stage; stratification treatment; 48 hour">
                <assay>SRR5227401</assay>
                <assay>SRR5227400</assay>
                <assay>SRR5227402</assay>
            </assay_group>
            <assay_group id="g10" label="seedling developmental stage; continuous light regimen; 48 hour">
                <assay>SRR5227416</assay>
                <assay>SRR5227415</assay>
                <assay>SRR5227417</assay>
            </assay_group>
        </assay_groups>
    </analytics>
</configuration>
