<?xml version="1.0" encoding="UTF-8"?>

<configuration experimentType="rnaseq_mrna_baseline" r_data="1">
    <analytics>
        <assay_groups>
            <assay_group id="g1" label="root differentiation zone">
                <assay>SRR1740409</assay>
                <assay>SRR1740407</assay>
                <assay>SRR1740408</assay>
            </assay_group>
            <assay_group id="g2" label="root elongation zone">
                <assay>SRR1740404</assay>
                <assay>SRR1740406</assay>
                <assay>SRR1740405</assay>
            </assay_group>
            <assay_group id="g3" label="root meristematic zone">
                <assay>SRR1740403</assay>
                <assay>SRR1740401</assay>
                <assay>SRR1740402</assay>
            </assay_group>
        </assay_groups>
    </analytics>
</configuration>
