<?xml version="1.0" encoding="UTF-8"?>

<configuration experimentType="rnaseq_mrna_baseline" r_data="1">
    <analytics>
        <assay_groups>
            <assay_group id="g1" label="Col-0 female X Col-0 male; endosperm">
                <assay>SRR1039915</assay>
            </assay_group>
            <assay_group id="g2" label="Col-0 female X Col-0 male; plant embryo">
                <assay>SRR1039914</assay>
            </assay_group>
            <assay_group id="g3" label="Col-0 female X Cvi male; endosperm">
                <assay>SRR1508242</assay>
                <assay>SRR1039918</assay>
                <assay>SRR1039917</assay>
            </assay_group>
            <assay_group id="g4" label="Col-0 female X Cvi male; plant embryo">
                <assay>SRR1039916</assay>
            </assay_group>
            <assay_group id="g5" label="Col-0 female X Cvi male; seed">
                <assay>SRR1039919</assay>
            </assay_group>
            <assay_group id="g6" label="Col-0 female X Ler male; endosperm">
                <assay>SRR1039929</assay>
                <assay>SRR1508241</assay>
                <assay>SRR1508239</assay>
            </assay_group>
            <assay_group id="g7" label="Cvi female X Col-0 male; endosperm">
                <assay>SRR1508243</assay>
                <assay>SRR1039922</assay>
                <assay>SRR1039921</assay>
            </assay_group>
            <assay_group id="g8" label="Cvi female X Col-0 male; plant embryo">
                <assay>SRR1039920</assay>
            </assay_group>
            <assay_group id="g9" label="Cvi female X Col-0 male; seed">
                <assay>SRR1039923</assay>
            </assay_group>
            <assay_group id="g10" label="Cvi female X Cvi male; endosperm">
                <assay>SRR1039911</assay>
            </assay_group>
            <assay_group id="g11" label="Cvi female X Cvi male; plant embryo">
                <assay>SRR1039910</assay>
            </assay_group>
            <assay_group id="g12" label="Cvi female X Ler male; endosperm">
                <assay>SRR1508245</assay>
                <assay>SRR1508247</assay>
                <assay>SRR1039927</assay>
            </assay_group>
            <assay_group id="g13" label="Cvi female X Ler male; plant embryo">
                <assay>SRR1039926</assay>
            </assay_group>
            <assay_group id="g14" label="Ler female X Col-0 male; endosperm">
                <assay>SRR1508238</assay>
                <assay>SRR1508240</assay>
                <assay>SRR1039928</assay>
            </assay_group>
            <assay_group id="g15" label="Ler female X Cvi male; endosperm">
                <assay>SRR1039925</assay>
                <assay>SRR1508246</assay>
                <assay>SRR1508244</assay>
            </assay_group>
            <assay_group id="g16" label="Ler female X Cvi male; plant embryo">
                <assay>SRR1039924</assay>
            </assay_group>
            <assay_group id="g17" label="Ler female X Ler male; endosperm">
                <assay>SRR1039913</assay>
            </assay_group>
            <assay_group id="g18" label="Ler female X Ler male; plant embryo">
                <assay>SRR1039912</assay>
            </assay_group>
        </assay_groups>
    </analytics>
</configuration>
