E-GEOD-52806		SRR1039910	characteristic	age	6 day
E-GEOD-52806		SRR1039910	characteristic	cultivar	Cvi x Cvi
E-GEOD-52806		SRR1039910	characteristic	developmental stage	whole plant flowering stage	http://purl.obolibrary.org/obo/PO_0007016
E-GEOD-52806		SRR1039910	characteristic	disease	normal	http://purl.obolibrary.org/obo/PATO_0000461
E-GEOD-52806		SRR1039910	characteristic	genotype	wild type genotype
E-GEOD-52806		SRR1039910	characteristic	organism	Arabidopsis thaliana	http://purl.obolibrary.org/obo/NCBITaxon_3702
E-GEOD-52806		SRR1039910	characteristic	organism part	plant embryo	http://purl.obolibrary.org/obo/PO_0009009
E-GEOD-52806		SRR1039910	factor	genotype	wild type genotype
E-GEOD-52806		SRR1039910	factor	organism part	plant embryo	http://purl.obolibrary.org/obo/PO_0009009
E-GEOD-52806		SRR1039911	characteristic	age	6 day
E-GEOD-52806		SRR1039911	characteristic	cultivar	Cvi x Cvi
E-GEOD-52806		SRR1039911	characteristic	developmental stage	whole plant flowering stage	http://purl.obolibrary.org/obo/PO_0007016
E-GEOD-52806		SRR1039911	characteristic	disease	normal	http://purl.obolibrary.org/obo/PATO_0000461
E-GEOD-52806		SRR1039911	characteristic	genotype	wild type genotype
E-GEOD-52806		SRR1039911	characteristic	organism	Arabidopsis thaliana	http://purl.obolibrary.org/obo/NCBITaxon_3702
E-GEOD-52806		SRR1039911	characteristic	organism part	endosperm	http://purl.obolibrary.org/obo/PO_0009089
E-GEOD-52806		SRR1039911	factor	genotype	wild type genotype
E-GEOD-52806		SRR1039911	factor	organism part	endosperm	http://purl.obolibrary.org/obo/PO_0009089
E-GEOD-52806		SRR1039912	characteristic	age	6 day
E-GEOD-52806		SRR1039912	characteristic	cultivar	Ler x Ler
E-GEOD-52806		SRR1039912	characteristic	developmental stage	whole plant flowering stage	http://purl.obolibrary.org/obo/PO_0007016
E-GEOD-52806		SRR1039912	characteristic	disease	normal	http://purl.obolibrary.org/obo/PATO_0000461
E-GEOD-52806		SRR1039912	characteristic	genotype	wild type genotype
E-GEOD-52806		SRR1039912	characteristic	organism	Arabidopsis thaliana	http://purl.obolibrary.org/obo/NCBITaxon_3702
E-GEOD-52806		SRR1039912	characteristic	organism part	plant embryo	http://purl.obolibrary.org/obo/PO_0009009
E-GEOD-52806		SRR1039912	factor	genotype	wild type genotype
E-GEOD-52806		SRR1039912	factor	organism part	plant embryo	http://purl.obolibrary.org/obo/PO_0009009
E-GEOD-52806		SRR1039913	characteristic	age	6 day
E-GEOD-52806		SRR1039913	characteristic	cultivar	Ler x Ler
E-GEOD-52806		SRR1039913	characteristic	developmental stage	whole plant flowering stage	http://purl.obolibrary.org/obo/PO_0007016
E-GEOD-52806		SRR1039913	characteristic	disease	normal	http://purl.obolibrary.org/obo/PATO_0000461
E-GEOD-52806		SRR1039913	characteristic	genotype	wild type genotype
E-GEOD-52806		SRR1039913	characteristic	organism	Arabidopsis thaliana	http://purl.obolibrary.org/obo/NCBITaxon_3702
E-GEOD-52806		SRR1039913	characteristic	organism part	endosperm	http://purl.obolibrary.org/obo/PO_0009089
E-GEOD-52806		SRR1039913	factor	genotype	wild type genotype
E-GEOD-52806		SRR1039913	factor	organism part	endosperm	http://purl.obolibrary.org/obo/PO_0009089
E-GEOD-52806		SRR1039914	characteristic	age	6 day
E-GEOD-52806		SRR1039914	characteristic	cultivar	Col-0 x Col-0
E-GEOD-52806		SRR1039914	characteristic	developmental stage	whole plant flowering stage	http://purl.obolibrary.org/obo/PO_0007016
E-GEOD-52806		SRR1039914	characteristic	disease	normal	http://purl.obolibrary.org/obo/PATO_0000461
E-GEOD-52806		SRR1039914	characteristic	genotype	wild type genotype
E-GEOD-52806		SRR1039914	characteristic	organism	Arabidopsis thaliana	http://purl.obolibrary.org/obo/NCBITaxon_3702
E-GEOD-52806		SRR1039914	characteristic	organism part	plant embryo	http://purl.obolibrary.org/obo/PO_0009009
E-GEOD-52806		SRR1039914	factor	genotype	wild type genotype
E-GEOD-52806		SRR1039914	factor	organism part	plant embryo	http://purl.obolibrary.org/obo/PO_0009009
E-GEOD-52806		SRR1039915	characteristic	age	6 day
E-GEOD-52806		SRR1039915	characteristic	cultivar	Col-0 x Col-0
E-GEOD-52806		SRR1039915	characteristic	developmental stage	whole plant flowering stage	http://purl.obolibrary.org/obo/PO_0007016
E-GEOD-52806		SRR1039915	characteristic	disease	normal	http://purl.obolibrary.org/obo/PATO_0000461
E-GEOD-52806		SRR1039915	characteristic	genotype	wild type genotype
E-GEOD-52806		SRR1039915	characteristic	organism	Arabidopsis thaliana	http://purl.obolibrary.org/obo/NCBITaxon_3702
E-GEOD-52806		SRR1039915	characteristic	organism part	endosperm	http://purl.obolibrary.org/obo/PO_0009089
E-GEOD-52806		SRR1039915	factor	genotype	wild type genotype
E-GEOD-52806		SRR1039915	factor	organism part	endosperm	http://purl.obolibrary.org/obo/PO_0009089
E-GEOD-52806		SRR1039916	characteristic	age	6 day
E-GEOD-52806		SRR1039916	characteristic	cultivar	Col-0 x Cvi
E-GEOD-52806		SRR1039916	characteristic	developmental stage	whole plant flowering stage	http://purl.obolibrary.org/obo/PO_0007016
E-GEOD-52806		SRR1039916	characteristic	disease	normal	http://purl.obolibrary.org/obo/PATO_0000461
E-GEOD-52806		SRR1039916	characteristic	genotype	wild type genotype
E-GEOD-52806		SRR1039916	characteristic	organism	Arabidopsis thaliana	http://purl.obolibrary.org/obo/NCBITaxon_3702
E-GEOD-52806		SRR1039916	characteristic	organism part	plant embryo	http://purl.obolibrary.org/obo/PO_0009009
E-GEOD-52806		SRR1039916	factor	genotype	wild type genotype
E-GEOD-52806		SRR1039916	factor	organism part	plant embryo	http://purl.obolibrary.org/obo/PO_0009009
E-GEOD-52806		SRR1039917	characteristic	age	6 day
E-GEOD-52806		SRR1039917	characteristic	cultivar	Col-0 x Cvi
E-GEOD-52806		SRR1039917	characteristic	developmental stage	whole plant flowering stage	http://purl.obolibrary.org/obo/PO_0007016
E-GEOD-52806		SRR1039917	characteristic	disease	normal	http://purl.obolibrary.org/obo/PATO_0000461
E-GEOD-52806		SRR1039917	characteristic	genotype	wild type genotype
E-GEOD-52806		SRR1039917	characteristic	organism	Arabidopsis thaliana	http://purl.obolibrary.org/obo/NCBITaxon_3702
E-GEOD-52806		SRR1039917	characteristic	organism part	endosperm	http://purl.obolibrary.org/obo/PO_0009089
E-GEOD-52806		SRR1039917	factor	genotype	wild type genotype
E-GEOD-52806		SRR1039917	factor	organism part	endosperm	http://purl.obolibrary.org/obo/PO_0009089
E-GEOD-52806		SRR1039918	characteristic	age	6 day
E-GEOD-52806		SRR1039918	characteristic	cultivar	Col-0 x Cvi
E-GEOD-52806		SRR1039918	characteristic	developmental stage	whole plant flowering stage	http://purl.obolibrary.org/obo/PO_0007016
E-GEOD-52806		SRR1039918	characteristic	disease	normal	http://purl.obolibrary.org/obo/PATO_0000461
E-GEOD-52806		SRR1039918	characteristic	genotype	wild type genotype
E-GEOD-52806		SRR1039918	characteristic	organism	Arabidopsis thaliana	http://purl.obolibrary.org/obo/NCBITaxon_3702
E-GEOD-52806		SRR1039918	characteristic	organism part	endosperm	http://purl.obolibrary.org/obo/PO_0009089
E-GEOD-52806		SRR1039918	factor	genotype	wild type genotype
E-GEOD-52806		SRR1039918	factor	organism part	endosperm	http://purl.obolibrary.org/obo/PO_0009089
E-GEOD-52806		SRR1039919	characteristic	age	6 day
E-GEOD-52806		SRR1039919	characteristic	cultivar	Col-0 x Cvi
E-GEOD-52806		SRR1039919	characteristic	developmental stage	whole plant flowering stage	http://purl.obolibrary.org/obo/PO_0007016
E-GEOD-52806		SRR1039919	characteristic	disease	normal	http://purl.obolibrary.org/obo/PATO_0000461
E-GEOD-52806		SRR1039919	characteristic	genotype	wild type genotype
E-GEOD-52806		SRR1039919	characteristic	organism	Arabidopsis thaliana	http://purl.obolibrary.org/obo/NCBITaxon_3702
E-GEOD-52806		SRR1039919	characteristic	organism part	seed	http://purl.obolibrary.org/obo/PO_0009010
E-GEOD-52806		SRR1039919	factor	genotype	wild type genotype
E-GEOD-52806		SRR1039919	factor	organism part	seed	http://purl.obolibrary.org/obo/PO_0009010
E-GEOD-52806		SRR1039920	characteristic	age	6 day
E-GEOD-52806		SRR1039920	characteristic	cultivar	Cvi x Col-0
E-GEOD-52806		SRR1039920	characteristic	developmental stage	whole plant flowering stage	http://purl.obolibrary.org/obo/PO_0007016
E-GEOD-52806		SRR1039920	characteristic	disease	normal	http://purl.obolibrary.org/obo/PATO_0000461
E-GEOD-52806		SRR1039920	characteristic	genotype	wild type genotype
E-GEOD-52806		SRR1039920	characteristic	organism	Arabidopsis thaliana	http://purl.obolibrary.org/obo/NCBITaxon_3702
E-GEOD-52806		SRR1039920	characteristic	organism part	plant embryo	http://purl.obolibrary.org/obo/PO_0009009
E-GEOD-52806		SRR1039920	factor	genotype	wild type genotype
E-GEOD-52806		SRR1039920	factor	organism part	plant embryo	http://purl.obolibrary.org/obo/PO_0009009
E-GEOD-52806		SRR1039921	characteristic	age	6 day
E-GEOD-52806		SRR1039921	characteristic	cultivar	Cvi x Col-0
E-GEOD-52806		SRR1039921	characteristic	developmental stage	whole plant flowering stage	http://purl.obolibrary.org/obo/PO_0007016
E-GEOD-52806		SRR1039921	characteristic	disease	normal	http://purl.obolibrary.org/obo/PATO_0000461
E-GEOD-52806		SRR1039921	characteristic	genotype	wild type genotype
E-GEOD-52806		SRR1039921	characteristic	organism	Arabidopsis thaliana	http://purl.obolibrary.org/obo/NCBITaxon_3702
E-GEOD-52806		SRR1039921	characteristic	organism part	endosperm	http://purl.obolibrary.org/obo/PO_0009089
E-GEOD-52806		SRR1039921	factor	genotype	wild type genotype
E-GEOD-52806		SRR1039921	factor	organism part	endosperm	http://purl.obolibrary.org/obo/PO_0009089
E-GEOD-52806		SRR1039922	characteristic	age	6 day
E-GEOD-52806		SRR1039922	characteristic	cultivar	Cvi x Col-0
E-GEOD-52806		SRR1039922	characteristic	developmental stage	whole plant flowering stage	http://purl.obolibrary.org/obo/PO_0007016
E-GEOD-52806		SRR1039922	characteristic	disease	normal	http://purl.obolibrary.org/obo/PATO_0000461
E-GEOD-52806		SRR1039922	characteristic	genotype	wild type genotype
E-GEOD-52806		SRR1039922	characteristic	organism	Arabidopsis thaliana	http://purl.obolibrary.org/obo/NCBITaxon_3702
E-GEOD-52806		SRR1039922	characteristic	organism part	endosperm	http://purl.obolibrary.org/obo/PO_0009089
E-GEOD-52806		SRR1039922	factor	genotype	wild type genotype
E-GEOD-52806		SRR1039922	factor	organism part	endosperm	http://purl.obolibrary.org/obo/PO_0009089
E-GEOD-52806		SRR1039923	characteristic	age	6 day
E-GEOD-52806		SRR1039923	characteristic	cultivar	Cvi x Col-0
E-GEOD-52806		SRR1039923	characteristic	developmental stage	whole plant flowering stage	http://purl.obolibrary.org/obo/PO_0007016
E-GEOD-52806		SRR1039923	characteristic	disease	normal	http://purl.obolibrary.org/obo/PATO_0000461
E-GEOD-52806		SRR1039923	characteristic	genotype	wild type genotype
E-GEOD-52806		SRR1039923	characteristic	organism	Arabidopsis thaliana	http://purl.obolibrary.org/obo/NCBITaxon_3702
E-GEOD-52806		SRR1039923	characteristic	organism part	seed	http://purl.obolibrary.org/obo/PO_0009010
E-GEOD-52806		SRR1039923	factor	genotype	wild type genotype
E-GEOD-52806		SRR1039923	factor	organism part	seed	http://purl.obolibrary.org/obo/PO_0009010
E-GEOD-52806		SRR1039924	characteristic	age	6 day
E-GEOD-52806		SRR1039924	characteristic	cultivar	Ler x Cvi
E-GEOD-52806		SRR1039924	characteristic	developmental stage	whole plant flowering stage	http://purl.obolibrary.org/obo/PO_0007016
E-GEOD-52806		SRR1039924	characteristic	disease	normal	http://purl.obolibrary.org/obo/PATO_0000461
E-GEOD-52806		SRR1039924	characteristic	genotype	wild type genotype
E-GEOD-52806		SRR1039924	characteristic	organism	Arabidopsis thaliana	http://purl.obolibrary.org/obo/NCBITaxon_3702
E-GEOD-52806		SRR1039924	characteristic	organism part	plant embryo	http://purl.obolibrary.org/obo/PO_0009009
E-GEOD-52806		SRR1039924	factor	genotype	wild type genotype
E-GEOD-52806		SRR1039924	factor	organism part	plant embryo	http://purl.obolibrary.org/obo/PO_0009009
E-GEOD-52806		SRR1039925	characteristic	age	6 day
E-GEOD-52806		SRR1039925	characteristic	cultivar	Ler x Cvi
E-GEOD-52806		SRR1039925	characteristic	developmental stage	whole plant flowering stage	http://purl.obolibrary.org/obo/PO_0007016
E-GEOD-52806		SRR1039925	characteristic	disease	normal	http://purl.obolibrary.org/obo/PATO_0000461
E-GEOD-52806		SRR1039925	characteristic	genotype	wild type genotype
E-GEOD-52806		SRR1039925	characteristic	organism	Arabidopsis thaliana	http://purl.obolibrary.org/obo/NCBITaxon_3702
E-GEOD-52806		SRR1039925	characteristic	organism part	endosperm	http://purl.obolibrary.org/obo/PO_0009089
E-GEOD-52806		SRR1039925	factor	genotype	wild type genotype
E-GEOD-52806		SRR1039925	factor	organism part	endosperm	http://purl.obolibrary.org/obo/PO_0009089
E-GEOD-52806		SRR1039926	characteristic	age	6 day
E-GEOD-52806		SRR1039926	characteristic	cultivar	Cvi x Ler
E-GEOD-52806		SRR1039926	characteristic	developmental stage	whole plant flowering stage	http://purl.obolibrary.org/obo/PO_0007016
E-GEOD-52806		SRR1039926	characteristic	disease	normal	http://purl.obolibrary.org/obo/PATO_0000461
E-GEOD-52806		SRR1039926	characteristic	genotype	wild type genotype
E-GEOD-52806		SRR1039926	characteristic	organism	Arabidopsis thaliana	http://purl.obolibrary.org/obo/NCBITaxon_3702
E-GEOD-52806		SRR1039926	characteristic	organism part	plant embryo	http://purl.obolibrary.org/obo/PO_0009009
E-GEOD-52806		SRR1039926	factor	genotype	wild type genotype
E-GEOD-52806		SRR1039926	factor	organism part	plant embryo	http://purl.obolibrary.org/obo/PO_0009009
E-GEOD-52806		SRR1039927	characteristic	age	6 day
E-GEOD-52806		SRR1039927	characteristic	cultivar	Cvi x Ler
E-GEOD-52806		SRR1039927	characteristic	developmental stage	whole plant flowering stage	http://purl.obolibrary.org/obo/PO_0007016
E-GEOD-52806		SRR1039927	characteristic	disease	normal	http://purl.obolibrary.org/obo/PATO_0000461
E-GEOD-52806		SRR1039927	characteristic	genotype	wild type genotype
E-GEOD-52806		SRR1039927	characteristic	organism	Arabidopsis thaliana	http://purl.obolibrary.org/obo/NCBITaxon_3702
E-GEOD-52806		SRR1039927	characteristic	organism part	endosperm	http://purl.obolibrary.org/obo/PO_0009089
E-GEOD-52806		SRR1039927	factor	genotype	wild type genotype
E-GEOD-52806		SRR1039927	factor	organism part	endosperm	http://purl.obolibrary.org/obo/PO_0009089
E-GEOD-52806		SRR1039928	characteristic	age	6 day
E-GEOD-52806		SRR1039928	characteristic	cultivar	Ler x Col-0
E-GEOD-52806		SRR1039928	characteristic	developmental stage	whole plant flowering stage	http://purl.obolibrary.org/obo/PO_0007016
E-GEOD-52806		SRR1039928	characteristic	disease	normal	http://purl.obolibrary.org/obo/PATO_0000461
E-GEOD-52806		SRR1039928	characteristic	genotype	wild type genotype
E-GEOD-52806		SRR1039928	characteristic	organism	Arabidopsis thaliana	http://purl.obolibrary.org/obo/NCBITaxon_3702
E-GEOD-52806		SRR1039928	characteristic	organism part	endosperm	http://purl.obolibrary.org/obo/PO_0009089
E-GEOD-52806		SRR1039928	factor	genotype	wild type genotype
E-GEOD-52806		SRR1039928	factor	organism part	endosperm	http://purl.obolibrary.org/obo/PO_0009089
E-GEOD-52806		SRR1039929	characteristic	age	6 day
E-GEOD-52806		SRR1039929	characteristic	cultivar	Col-0 x Ler
E-GEOD-52806		SRR1039929	characteristic	developmental stage	whole plant flowering stage	http://purl.obolibrary.org/obo/PO_0007016
E-GEOD-52806		SRR1039929	characteristic	disease	normal	http://purl.obolibrary.org/obo/PATO_0000461
E-GEOD-52806		SRR1039929	characteristic	genotype	wild type genotype
E-GEOD-52806		SRR1039929	characteristic	organism	Arabidopsis thaliana	http://purl.obolibrary.org/obo/NCBITaxon_3702
E-GEOD-52806		SRR1039929	characteristic	organism part	endosperm	http://purl.obolibrary.org/obo/PO_0009089
E-GEOD-52806		SRR1039929	factor	genotype	wild type genotype
E-GEOD-52806		SRR1039929	factor	organism part	endosperm	http://purl.obolibrary.org/obo/PO_0009089
E-GEOD-52806		SRR1508238	characteristic	age	6 day
E-GEOD-52806		SRR1508238	characteristic	cultivar	Ler x Col-0
E-GEOD-52806		SRR1508238	characteristic	developmental stage	whole plant flowering stage	http://purl.obolibrary.org/obo/PO_0007016
E-GEOD-52806		SRR1508238	characteristic	disease	normal	http://purl.obolibrary.org/obo/PATO_0000461
E-GEOD-52806		SRR1508238	characteristic	genotype	wild type genotype
E-GEOD-52806		SRR1508238	characteristic	organism	Arabidopsis thaliana	http://purl.obolibrary.org/obo/NCBITaxon_3702
E-GEOD-52806		SRR1508238	characteristic	organism part	endosperm	http://purl.obolibrary.org/obo/PO_0009089
E-GEOD-52806		SRR1508238	factor	genotype	wild type genotype
E-GEOD-52806		SRR1508238	factor	organism part	endosperm	http://purl.obolibrary.org/obo/PO_0009089
E-GEOD-52806		SRR1508239	characteristic	age	6 day
E-GEOD-52806		SRR1508239	characteristic	cultivar	Col-0 x Ler
E-GEOD-52806		SRR1508239	characteristic	developmental stage	whole plant flowering stage	http://purl.obolibrary.org/obo/PO_0007016
E-GEOD-52806		SRR1508239	characteristic	disease	normal	http://purl.obolibrary.org/obo/PATO_0000461
E-GEOD-52806		SRR1508239	characteristic	genotype	wild type genotype
E-GEOD-52806		SRR1508239	characteristic	organism	Arabidopsis thaliana	http://purl.obolibrary.org/obo/NCBITaxon_3702
E-GEOD-52806		SRR1508239	characteristic	organism part	endosperm	http://purl.obolibrary.org/obo/PO_0009089
E-GEOD-52806		SRR1508239	factor	genotype	wild type genotype
E-GEOD-52806		SRR1508239	factor	organism part	endosperm	http://purl.obolibrary.org/obo/PO_0009089
E-GEOD-52806		SRR1508240	characteristic	age	6 day
E-GEOD-52806		SRR1508240	characteristic	cultivar	Ler x Col-0
E-GEOD-52806		SRR1508240	characteristic	developmental stage	whole plant flowering stage	http://purl.obolibrary.org/obo/PO_0007016
E-GEOD-52806		SRR1508240	characteristic	disease	normal	http://purl.obolibrary.org/obo/PATO_0000461
E-GEOD-52806		SRR1508240	characteristic	genotype	wild type genotype
E-GEOD-52806		SRR1508240	characteristic	organism	Arabidopsis thaliana	http://purl.obolibrary.org/obo/NCBITaxon_3702
E-GEOD-52806		SRR1508240	characteristic	organism part	endosperm	http://purl.obolibrary.org/obo/PO_0009089
E-GEOD-52806		SRR1508240	factor	genotype	wild type genotype
E-GEOD-52806		SRR1508240	factor	organism part	endosperm	http://purl.obolibrary.org/obo/PO_0009089
E-GEOD-52806		SRR1508241	characteristic	age	6 day
E-GEOD-52806		SRR1508241	characteristic	cultivar	Col-0 x Ler
E-GEOD-52806		SRR1508241	characteristic	developmental stage	whole plant flowering stage	http://purl.obolibrary.org/obo/PO_0007016
E-GEOD-52806		SRR1508241	characteristic	disease	normal	http://purl.obolibrary.org/obo/PATO_0000461
E-GEOD-52806		SRR1508241	characteristic	genotype	wild type genotype
E-GEOD-52806		SRR1508241	characteristic	organism	Arabidopsis thaliana	http://purl.obolibrary.org/obo/NCBITaxon_3702
E-GEOD-52806		SRR1508241	characteristic	organism part	endosperm	http://purl.obolibrary.org/obo/PO_0009089
E-GEOD-52806		SRR1508241	factor	genotype	wild type genotype
E-GEOD-52806		SRR1508241	factor	organism part	endosperm	http://purl.obolibrary.org/obo/PO_0009089
E-GEOD-52806		SRR1508242	characteristic	age	6 day
E-GEOD-52806		SRR1508242	characteristic	cultivar	Col-0 x Cvi
E-GEOD-52806		SRR1508242	characteristic	developmental stage	whole plant flowering stage	http://purl.obolibrary.org/obo/PO_0007016
E-GEOD-52806		SRR1508242	characteristic	disease	normal	http://purl.obolibrary.org/obo/PATO_0000461
E-GEOD-52806		SRR1508242	characteristic	genotype	wild type genotype
E-GEOD-52806		SRR1508242	characteristic	organism	Arabidopsis thaliana	http://purl.obolibrary.org/obo/NCBITaxon_3702
E-GEOD-52806		SRR1508242	characteristic	organism part	endosperm	http://purl.obolibrary.org/obo/PO_0009089
E-GEOD-52806		SRR1508242	factor	genotype	wild type genotype
E-GEOD-52806		SRR1508242	factor	organism part	endosperm	http://purl.obolibrary.org/obo/PO_0009089
E-GEOD-52806		SRR1508243	characteristic	age	6 day
E-GEOD-52806		SRR1508243	characteristic	cultivar	Cvi x Col-0
E-GEOD-52806		SRR1508243	characteristic	developmental stage	whole plant flowering stage	http://purl.obolibrary.org/obo/PO_0007016
E-GEOD-52806		SRR1508243	characteristic	disease	normal	http://purl.obolibrary.org/obo/PATO_0000461
E-GEOD-52806		SRR1508243	characteristic	genotype	wild type genotype
E-GEOD-52806		SRR1508243	characteristic	organism	Arabidopsis thaliana	http://purl.obolibrary.org/obo/NCBITaxon_3702
E-GEOD-52806		SRR1508243	characteristic	organism part	endosperm	http://purl.obolibrary.org/obo/PO_0009089
E-GEOD-52806		SRR1508243	factor	genotype	wild type genotype
E-GEOD-52806		SRR1508243	factor	organism part	endosperm	http://purl.obolibrary.org/obo/PO_0009089
E-GEOD-52806		SRR1508244	characteristic	age	6 day
E-GEOD-52806		SRR1508244	characteristic	cultivar	Ler x Cvi
E-GEOD-52806		SRR1508244	characteristic	developmental stage	whole plant flowering stage	http://purl.obolibrary.org/obo/PO_0007016
E-GEOD-52806		SRR1508244	characteristic	disease	normal	http://purl.obolibrary.org/obo/PATO_0000461
E-GEOD-52806		SRR1508244	characteristic	genotype	wild type genotype
E-GEOD-52806		SRR1508244	characteristic	organism	Arabidopsis thaliana	http://purl.obolibrary.org/obo/NCBITaxon_3702
E-GEOD-52806		SRR1508244	characteristic	organism part	endosperm	http://purl.obolibrary.org/obo/PO_0009089
E-GEOD-52806		SRR1508244	factor	genotype	wild type genotype
E-GEOD-52806		SRR1508244	factor	organism part	endosperm	http://purl.obolibrary.org/obo/PO_0009089
E-GEOD-52806		SRR1508245	characteristic	age	6 day
E-GEOD-52806		SRR1508245	characteristic	cultivar	Cvi x Ler
E-GEOD-52806		SRR1508245	characteristic	developmental stage	whole plant flowering stage	http://purl.obolibrary.org/obo/PO_0007016
E-GEOD-52806		SRR1508245	characteristic	disease	normal	http://purl.obolibrary.org/obo/PATO_0000461
E-GEOD-52806		SRR1508245	characteristic	genotype	wild type genotype
E-GEOD-52806		SRR1508245	characteristic	organism	Arabidopsis thaliana	http://purl.obolibrary.org/obo/NCBITaxon_3702
E-GEOD-52806		SRR1508245	characteristic	organism part	endosperm	http://purl.obolibrary.org/obo/PO_0009089
E-GEOD-52806		SRR1508245	factor	genotype	wild type genotype
E-GEOD-52806		SRR1508245	factor	organism part	endosperm	http://purl.obolibrary.org/obo/PO_0009089
E-GEOD-52806		SRR1508246	characteristic	age	6 day
E-GEOD-52806		SRR1508246	characteristic	cultivar	Ler x Cvi
E-GEOD-52806		SRR1508246	characteristic	developmental stage	whole plant flowering stage	http://purl.obolibrary.org/obo/PO_0007016
E-GEOD-52806		SRR1508246	characteristic	disease	normal	http://purl.obolibrary.org/obo/PATO_0000461
E-GEOD-52806		SRR1508246	characteristic	genotype	wild type genotype
E-GEOD-52806		SRR1508246	characteristic	organism	Arabidopsis thaliana	http://purl.obolibrary.org/obo/NCBITaxon_3702
E-GEOD-52806		SRR1508246	characteristic	organism part	endosperm	http://purl.obolibrary.org/obo/PO_0009089
E-GEOD-52806		SRR1508246	factor	genotype	wild type genotype
E-GEOD-52806		SRR1508246	factor	organism part	endosperm	http://purl.obolibrary.org/obo/PO_0009089
E-GEOD-52806		SRR1508247	characteristic	age	6 day
E-GEOD-52806		SRR1508247	characteristic	cultivar	Cvi x Ler
E-GEOD-52806		SRR1508247	characteristic	developmental stage	whole plant flowering stage	http://purl.obolibrary.org/obo/PO_0007016
E-GEOD-52806		SRR1508247	characteristic	disease	normal	http://purl.obolibrary.org/obo/PATO_0000461
E-GEOD-52806		SRR1508247	characteristic	genotype	wild type genotype
E-GEOD-52806		SRR1508247	characteristic	organism	Arabidopsis thaliana	http://purl.obolibrary.org/obo/NCBITaxon_3702
E-GEOD-52806		SRR1508247	characteristic	organism part	endosperm	http://purl.obolibrary.org/obo/PO_0009089
E-GEOD-52806		SRR1508247	factor	genotype	wild type genotype
E-GEOD-52806		SRR1508247	factor	organism part	endosperm	http://purl.obolibrary.org/obo/PO_0009089
