<?xml version="1.0" encoding="ISO-8859-1"?>
<!-- 
  ~ Copyright 2008-2012 Microarray Informatics Team, EMBL-European Bioinformatics Institute
  ~ 
  ~ Licensed under the Apache License, Version 2.0 (the "License");
  ~ you may not use this file except in compliance with the License.
  ~ You may obtain a copy of the License at
  ~ 
  ~ http://www.apache.org/licenses/LICENSE-2.0
  ~ 
  ~ Unless required by applicable law or agreed to in writing, software
  ~ distributed under the License is distributed on an "AS IS" BASIS,
  ~ WITHOUT WARRANTIES OR CONDITIONS OF ANY KIND, either express or implied.
  ~ See the License for the specific language governing permissions and
  ~ limitations under the License.
  ~ 
  ~ 
  ~ For further details of the Gene Expression Atlas project, including source code,
  ~ downloads and documentation, please see:
  ~
  ~ http://gxa.github.com/gxa
 -->

<factors-definition>
    <defaultFilterFactors>
        <filterFactor>
            <type>ORGANISM_PART</type>
            <value>whole organism</value>
        </filterFactor>
        <filterFactor>
            <type>GROWTH_CONDITION</type>
            <value>long day length regimen</value>
        </filterFactor>
        <filterFactor>
            <type>DEVELOPMENTAL_STAGE</type>
            <value>seedling</value>
        </filterFactor>
    </defaultFilterFactors>
    <defaultQueryFactorType>STUDY</defaultQueryFactorType>
    <menuFilterFactorTypes>DEVELOPMENTAL_STAGE, GROWTH_CONDITION, ORGANISM_PART, STUDY</menuFilterFactorTypes>
    <landingPageDisplayName>Arabidopsis thaliana - ARAPORT11</landingPageDisplayName>
    <speciesMapping />
    <dataProviderURL>https://www.araport.org/</dataProviderURL>
    <dataProviderDescription>ARAPORT</dataProviderDescription>
</factors-definition>
