<?xml version="1.0" encoding="UTF-8"?>

<configuration experimentType="rnaseq_mrna_baseline" r_data="1">
    <analytics>
        <assay_groups>
            <assay_group id="g1" label="FL.04 end of flowering stage; long day length regimen; receptacle; E-GEOD-35288">
                <assay technical_replicate_id="t6">SRR401414</assay>
                <assay technical_replicate_id="t6">SRR401413</assay>
                <assay technical_replicate_id="t6">SRR401415</assay>
                <assay technical_replicate_id="t7">SRR401418</assay>
                <assay technical_replicate_id="t7">SRR401416</assay>
                <assay technical_replicate_id="t7">SRR401417</assay>
                <assay technical_replicate_id="t8">SRR401421</assay>
                <assay technical_replicate_id="t8">SRR401420</assay>
                <assay technical_replicate_id="t8">SRR401419</assay>
            </assay_group>
            <assay_group id="g2" label="LP.04 four leaves visible stage; 10/14 h light/dark period and a light intensity of 120 umol m-2s-1; root; E-MTAB-1668">
                <assay>ERR274309</assay>
            </assay_group>
            <assay_group id="g3" label="LP.04 four leaves visible stage; 10/14 h light/dark period and a light intensity of 120 umol m-2s-1; shoot; E-MTAB-1668">
                <assay>ERR274310</assay>
            </assay_group>
            <assay_group id="g4" label="LP.04 four leaves visible stage; long day length regimen; aerial part; E-GEOD-30795">
                <assay>SRR314813</assay>
            </assay_group>
            <assay_group id="g5" label="LP.04 four leaves visible stage; long day length regimen; root; E-GEOD-30795">
                <assay>SRR314814</assay>
            </assay_group>
            <assay_group id="g6" label="adult; continuous light regimen; leaf; E-GEOD-54677">
                <assay>SRR1159821</assay>
                <assay>SRR1159837</assay>
                <assay>SRR1159831</assay>
                <assay>SRR1159827</assay>
            </assay_group>
            <assay_group id="g7" label="adult; long day length regimen; leaf; E-GEOD-44635">
                <assay>SRR764885</assay>
            </assay_group>
            <assay_group id="g8" label="adult; long day length regimen; pollen; E-MTAB-4242">
                <assay technical_replicate_id="t3">SRR847501</assay>
                <assay technical_replicate_id="t3">SRR847502</assay>
            </assay_group>
            <assay_group id="g9" label="adult; short day length regimen; 10 mM MgSO4 buffer; 1 hour; leaf; E-MTAB-4450">
                <assay>SRR446027</assay>
                <assay>SRR446028</assay>
            </assay_group>
            <assay_group id="g10" label="adult; short day length regimen; 10 mM MgSO4 buffer; 12 hour; leaf; E-MTAB-4450">
                <assay>SRR446039</assay>
                <assay>SRR446040</assay>
            </assay_group>
            <assay_group id="g11" label="adult; short day length regimen; 10 mM MgSO4 buffer; 6 hour; leaf; E-MTAB-4450">
                <assay>SRR446034</assay>
                <assay>SRR446033</assay>
            </assay_group>
            <assay_group id="g12" label="adult; short day length regimen; leaf; E-MTAB-4226">
                <assay>SRR493098</assay>
                <assay>SRR493101</assay>
                <assay>SRR515179</assay>
                <assay>SRR515178</assay>
                <assay>SRR515193</assay>
                <assay>SRR493097</assay>
                <assay>SRR493235</assay>
                <assay>SRR493236</assay>
            </assay_group>
            <assay_group id="g13" label="flower development stage; continuous light regimen; flower; E-GEOD-49090">
                <assay>SRR942026</assay>
            </assay_group>
            <assay_group id="g14" label="gynoecium development stage; long day length regimen; carpel; E-GEOD-56326">
                <assay>SRR1207195</assay>
                <assay>SRR1207194</assay>
            </assay_group>
            <assay_group id="g15" label="gynoecium development stage; long day length regimen; flower bud; E-GEOD-45685">
                <assay>SRR800753</assay>
                <assay>SRR800754</assay>
            </assay_group>
            <assay_group id="g16" label="petal differentiation and expansion stage; long day length regimen; floral bud; E-GEOD-30795">
                <assay>SRR314815</assay>
            </assay_group>
            <assay_group id="g18" label="seedling; continuous light regimen; collected at ZT6; whole organism; E-GEOD-43865">
                <assay>SRR653557</assay>
                <assay>SRR653555</assay>
                <assay>SRR653556</assay>
            </assay_group>
            <assay_group id="g19" label="seedling; continuous light regimen; flower; E-GEOD-37644">
                <assay>SRR493033</assay>
            </assay_group>
            <assay_group id="g20" label="seedling; continuous light regimen; leaf; E-GEOD-37644">
                <assay>SRR493036</assay>
            </assay_group>
            <assay_group id="g21" label="seedling; continuous light regimen; leaf; E-GEOD-49090">
                <assay>SRR942022</assay>
            </assay_group>
            <assay_group id="g22" label="seedling; continuous light regimen; root; E-MTAB-4391">
                <assay>SRR1524938</assay>
                <assay>SRR1524940</assay>
                <assay>SRR1524935</assay>
            </assay_group>
            <assay_group id="g23" label="seedling; continuous light regimen; whole organism; E-GEOD-24970">
                <assay technical_replicate_id="t9">SRR070570</assay>
                <assay technical_replicate_id="t9">SRR070571</assay>
            </assay_group>
            <assay_group id="g24" label="seedling; continuous light regimen; whole organism; E-GEOD-41432">
                <assay>SRR584119</assay>
                <assay>SRR584115</assay>
                <assay>SRR584121</assay>
                <assay>SRR584125</assay>
            </assay_group>
            <assay_group id="g25" label="seedling; continuous light regimen; whole organism; E-GEOD-41433">
                <assay>SRR584129</assay>
                <assay>SRR584134</assay>
            </assay_group>
            <assay_group id="g26" label="seedling; continuous light regimen; whole organism; E-MTAB-4417">
                <assay>SRR833246</assay>
                <assay>SRR797194</assay>
                <assay>SRR797230</assay>
            </assay_group>
            <assay_group id="g27" label="seedling; etiolation; whole organism; E-MTAB-4360">
                <assay>SRR493238</assay>
                <assay>SRR493237</assay>
            </assay_group>
            <assay_group id="g28" label="seedling; long day length regimen; aerial part; E-GEOD-40388">
                <assay>SRR547531</assay>
            </assay_group>
            <assay_group id="g29" label="seedling; long day length regimen; aerial part; E-GEOD-40482">
                <assay>SRR548277</assay>
            </assay_group>
            <assay_group id="g30" label="seedling; long day length regimen; aerial part; E-MTAB-4242">
                <assay technical_replicate_id="t1">SRR847504</assay>
                <assay technical_replicate_id="t1">SRR847503</assay>
                <assay technical_replicate_id="t2">SRR847505</assay>
                <assay technical_replicate_id="t2">SRR847506</assay>
            </assay_group>
            <assay_group id="g31" label="seedling; long day length regimen; collected at ZT10; whole organism; E-GEOD-438650">
                <assay>SRR653569</assay>
            </assay_group>
            <assay_group id="g32" label="seedling; long day length regimen; collected at ZT10; whole organism; E-GEOD-438651">
                <assay>SRR653568</assay>
            </assay_group>
            <assay_group id="g33" label="seedling; long day length regimen; collected at ZT10; whole organism; E-GEOD-438652">
                <assay>SRR653567</assay>
            </assay_group>
            <assay_group id="g34" label="seedling; long day length regimen; collected at ZT14; whole organism; E-GEOD-43865">
                <assay>SRR653570</assay>
                <assay>SRR653572</assay>
                <assay>SRR653571</assay>
            </assay_group>
            <assay_group id="g35" label="seedling; long day length regimen; collected at ZT18; whole organism; E-GEOD-43865">
                <assay>SRR653575</assay>
                <assay>SRR653573</assay>
                <assay>SRR653574</assay>
            </assay_group>
            <assay_group id="g36" label="seedling; long day length regimen; collected at ZT22; whole organism; E-GEOD-43865">
                <assay>SRR653576</assay>
                <assay>SRR653577</assay>
                <assay>SRR653578</assay>
            </assay_group>
            <assay_group id="g37" label="seedling; long day length regimen; collected at ZT2; whole organism; E-GEOD-438656">
                <assay>SRR653563</assay>
            </assay_group>
            <assay_group id="g38" label="seedling; long day length regimen; collected at ZT2; whole organism; E-GEOD-438657">
                <assay>SRR653562</assay>
            </assay_group>
            <assay_group id="g39" label="seedling; long day length regimen; collected at ZT2; whole organism; E-GEOD-438658">
                <assay>SRR653561</assay>
            </assay_group>
            <assay_group id="g40" label="seedling; long day length regimen; collected at ZT6; whole organism; E-GEOD-438653">
                <assay>SRR653566</assay>
            </assay_group>
            <assay_group id="g41" label="seedling; long day length regimen; collected at ZT6; whole organism; E-GEOD-438654">
                <assay>SRR653565</assay>
            </assay_group>
            <assay_group id="g42" label="seedling; long day length regimen; collected at ZT6; whole organism; E-GEOD-438655">
                <assay>SRR653564</assay>
            </assay_group>
            <assay_group id="g43" label="seedling; long day length regimen; collected in shade after 1 hour; mixed leaf and apical meristem; SRP028684">
                <assay>SRR949991</assay>
                <assay>SRR949990</assay>
            </assay_group>
            <assay_group id="g44" label="seedling; long day length regimen; collected in shade after 4 hours; mixed leaf and apical meristem; SRP028684">
                <assay>SRR949992</assay>
                <assay>SRR949993</assay>
            </assay_group>
            <assay_group id="g45" label="seedling; long day length regimen; collected in sunlight after 1 hour; mixed leaf and apical meristem; SRP028684">
                <assay>SRR949956</assay>
                <assay>SRR949965</assay>
            </assay_group>
            <assay_group id="g46" label="seedling; long day length regimen; collected in sunlight after 4 hours; mixed leaf and apical meristem; SRP028684">
                <assay>SRR949989</assay>
                <assay>SRR949988</assay>
            </assay_group>
            <assay_group id="g47" label="seedling; long day length regimen; leaf; E-GEOD-48851">
                <assay>SRR934391</assay>
            </assay_group>
            <assay_group id="g48" label="seedling; long day length regimen; root; E-GEOD-53198">
                <assay>SRR1046910</assay>
                <assay>SRR1046909</assay>
            </assay_group>
            <assay_group id="g49" label="seedling; long day length regimen; root; E-MTAB-4405">
                <assay>SRR1260032</assay>
                <assay>SRR1260033</assay>
            </assay_group>
            <assay_group id="g50" label="seedling; long day length regimen; rosette; E-MTAB-4193">
                <assay>SRR1105823</assay>
                <assay>SRR1105822</assay>
                <assay>SRR1106559</assay>
            </assay_group>
            <assay_group id="g51" label="seedling; long day length regimen; whole organism; E-GEOD-32216">
                <assay>SRR345561</assay>
                <assay>SRR345562</assay>
            </assay_group>
            <assay_group id="g52" label="seedling; long day length regimen; whole organism; E-GEOD-32318">
                <assay>SRR346553</assay>
                <assay>SRR346552</assay>
            </assay_group>
            <assay_group id="g53" label="seedling; long day length regimen; whole organism; E-GEOD-34840">
                <assay>SRR394082</assay>
            </assay_group>
            <assay_group id="g54" label="seedling; long day length regimen; whole organism; E-GEOD-38400">
                <assay>SRR504181</assay>
                <assay>SRR504180</assay>
                <assay>SRR504179</assay>
            </assay_group>
            <assay_group id="g55" label="seedling; long day length regimen; whole organism; E-GEOD-51119">
                <assay>SRR1001909</assay>
                <assay>SRR1001910</assay>
            </assay_group>
            <assay_group id="g56" label="seedling; long day length regimen; whole organism; E-GEOD-51763">
                <assay>SRR1019221</assay>
            </assay_group>
            <assay_group id="g57" label="seedling; long day length regimen; whole organism; E-MTAB-4387">
                <assay>SRR515074</assay>
            </assay_group>
            <assay_group id="g17" label="seedling; long day length regimen; whole organism; E-MTAB-4418">
                <assay>SRR527165</assay>
                <assay>SRR527164</assay>
            </assay_group>
        </assay_groups>
    </analytics>
</configuration>
