<?xml version="1.0" encoding="UTF-8"?>

<configuration experimentType="rnaseq_mrna_baseline" r_data="1">
    <analytics>
        <assay_groups>
            <assay_group id="g1" label="0 to 5 day post-anthesis">
                <assay>SRR1190492</assay>
            </assay_group>
            <assay_group id="g4" label="6 to 10 day post-anthesis">
                <assay>SRR1190493</assay>
            </assay_group>
            <assay_group id="g2" label="11 to 15 day post-anthesis">
                <assay>SRR1190494</assay>
            </assay_group>
            <assay_group id="g3" label="16 to 20 day post-anthesis">
                <assay>SRR1190495</assay>
            </assay_group>
        </assay_groups>
    </analytics>
</configuration>
