<?xml version="1.0" encoding="UTF-8"?>

<configuration experimentType="rnaseq_mrna_baseline" r_data="1">
    <analytics>
        <assay_groups>
            <assay_group id="g1" label="24 hour">
                <assay>ERR3310285</assay>
                <assay>ERR3310286</assay>
            </assay_group>
            <assay_group id="g2" label="28 hour">
                <assay>ERR3310287</assay>
                <assay>ERR3310288</assay>
            </assay_group>
            <assay_group id="g3" label="32 hour">
                <assay>ERR3310289</assay>
                <assay>ERR3310290</assay>
            </assay_group>
            <assay_group id="g4" label="36 hour">
                <assay>ERR3310291</assay>
                <assay>ERR3310292</assay>
            </assay_group>
            <assay_group id="g5" label="40 hour">
                <assay>ERR3310293</assay>
                <assay>ERR3310294</assay>
            </assay_group>
            <assay_group id="g6" label="44 hour">
                <assay>ERR3310295</assay>
                <assay>ERR3310296</assay>
            </assay_group>
            <assay_group id="g7" label="48 hour">
                <assay>ERR3310298</assay>
                <assay>ERR3310297</assay>
            </assay_group>
            <assay_group id="g8" label="52 hour">
                <assay>ERR3310300</assay>
                <assay>ERR3310299</assay>
            </assay_group>
            <assay_group id="g9" label="56 hour">
                <assay>ERR3310302</assay>
                <assay>ERR3310301</assay>
            </assay_group>
            <assay_group id="g10" label="60 hour">
                <assay>ERR3310304</assay>
                <assay>ERR3310303</assay>
            </assay_group>
            <assay_group id="g11" label="64 hour">
                <assay>ERR3310306</assay>
                <assay>ERR3310305</assay>
            </assay_group>
            <assay_group id="g12" label="68 hour">
                <assay>ERR3310308</assay>
                <assay>ERR3310307</assay>
            </assay_group>
        </assay_groups>
    </analytics>
</configuration>
