E-MTAB-7933		ERR3310285	characteristic	age	13 day
E-MTAB-7933		ERR3310285	characteristic	cultivar	Col-0	http://www.ebi.ac.uk/efo/EFO_0005148
E-MTAB-7933		ERR3310285	characteristic	developmental stage	seedling	http://purl.obolibrary.org/obo/PO_0007131
E-MTAB-7933		ERR3310285	characteristic	genotype	wild type genotype
E-MTAB-7933		ERR3310285	characteristic	organism	Arabidopsis thaliana	http://purl.obolibrary.org/obo/NCBITaxon_3702
E-MTAB-7933		ERR3310285	characteristic	organism part	whole organism	http://purl.obolibrary.org/obo/UBERON_0000468
E-MTAB-7933		ERR3310285	factor	time	24 hour
E-MTAB-7933		ERR3310286	characteristic	age	13 day
E-MTAB-7933		ERR3310286	characteristic	cultivar	Col-0	http://www.ebi.ac.uk/efo/EFO_0005148
E-MTAB-7933		ERR3310286	characteristic	developmental stage	seedling	http://purl.obolibrary.org/obo/PO_0007131
E-MTAB-7933		ERR3310286	characteristic	genotype	wild type genotype
E-MTAB-7933		ERR3310286	characteristic	organism	Arabidopsis thaliana	http://purl.obolibrary.org/obo/NCBITaxon_3702
E-MTAB-7933		ERR3310286	characteristic	organism part	whole organism	http://purl.obolibrary.org/obo/UBERON_0000468
E-MTAB-7933		ERR3310286	factor	time	24 hour
E-MTAB-7933		ERR3310287	characteristic	age	13 day
E-MTAB-7933		ERR3310287	characteristic	cultivar	Col-0	http://www.ebi.ac.uk/efo/EFO_0005148
E-MTAB-7933		ERR3310287	characteristic	developmental stage	seedling	http://purl.obolibrary.org/obo/PO_0007131
E-MTAB-7933		ERR3310287	characteristic	genotype	wild type genotype
E-MTAB-7933		ERR3310287	characteristic	organism	Arabidopsis thaliana	http://purl.obolibrary.org/obo/NCBITaxon_3702
E-MTAB-7933		ERR3310287	characteristic	organism part	whole organism	http://purl.obolibrary.org/obo/UBERON_0000468
E-MTAB-7933		ERR3310287	factor	time	28 hour
E-MTAB-7933		ERR3310288	characteristic	age	13 day
E-MTAB-7933		ERR3310288	characteristic	cultivar	Col-0	http://www.ebi.ac.uk/efo/EFO_0005148
E-MTAB-7933		ERR3310288	characteristic	developmental stage	seedling	http://purl.obolibrary.org/obo/PO_0007131
E-MTAB-7933		ERR3310288	characteristic	genotype	wild type genotype
E-MTAB-7933		ERR3310288	characteristic	organism	Arabidopsis thaliana	http://purl.obolibrary.org/obo/NCBITaxon_3702
E-MTAB-7933		ERR3310288	characteristic	organism part	whole organism	http://purl.obolibrary.org/obo/UBERON_0000468
E-MTAB-7933		ERR3310288	factor	time	28 hour
E-MTAB-7933		ERR3310289	characteristic	age	13 day
E-MTAB-7933		ERR3310289	characteristic	cultivar	Col-0	http://www.ebi.ac.uk/efo/EFO_0005148
E-MTAB-7933		ERR3310289	characteristic	developmental stage	seedling	http://purl.obolibrary.org/obo/PO_0007131
E-MTAB-7933		ERR3310289	characteristic	genotype	wild type genotype
E-MTAB-7933		ERR3310289	characteristic	organism	Arabidopsis thaliana	http://purl.obolibrary.org/obo/NCBITaxon_3702
E-MTAB-7933		ERR3310289	characteristic	organism part	whole organism	http://purl.obolibrary.org/obo/UBERON_0000468
E-MTAB-7933		ERR3310289	factor	time	32 hour
E-MTAB-7933		ERR3310290	characteristic	age	13 day
E-MTAB-7933		ERR3310290	characteristic	cultivar	Col-0	http://www.ebi.ac.uk/efo/EFO_0005148
E-MTAB-7933		ERR3310290	characteristic	developmental stage	seedling	http://purl.obolibrary.org/obo/PO_0007131
E-MTAB-7933		ERR3310290	characteristic	genotype	wild type genotype
E-MTAB-7933		ERR3310290	characteristic	organism	Arabidopsis thaliana	http://purl.obolibrary.org/obo/NCBITaxon_3702
E-MTAB-7933		ERR3310290	characteristic	organism part	whole organism	http://purl.obolibrary.org/obo/UBERON_0000468
E-MTAB-7933		ERR3310290	factor	time	32 hour
E-MTAB-7933		ERR3310291	characteristic	age	13 day
E-MTAB-7933		ERR3310291	characteristic	cultivar	Col-0	http://www.ebi.ac.uk/efo/EFO_0005148
E-MTAB-7933		ERR3310291	characteristic	developmental stage	seedling	http://purl.obolibrary.org/obo/PO_0007131
E-MTAB-7933		ERR3310291	characteristic	genotype	wild type genotype
E-MTAB-7933		ERR3310291	characteristic	organism	Arabidopsis thaliana	http://purl.obolibrary.org/obo/NCBITaxon_3702
E-MTAB-7933		ERR3310291	characteristic	organism part	whole organism	http://purl.obolibrary.org/obo/UBERON_0000468
E-MTAB-7933		ERR3310291	factor	time	36 hour
E-MTAB-7933		ERR3310292	characteristic	age	13 day
E-MTAB-7933		ERR3310292	characteristic	cultivar	Col-0	http://www.ebi.ac.uk/efo/EFO_0005148
E-MTAB-7933		ERR3310292	characteristic	developmental stage	seedling	http://purl.obolibrary.org/obo/PO_0007131
E-MTAB-7933		ERR3310292	characteristic	genotype	wild type genotype
E-MTAB-7933		ERR3310292	characteristic	organism	Arabidopsis thaliana	http://purl.obolibrary.org/obo/NCBITaxon_3702
E-MTAB-7933		ERR3310292	characteristic	organism part	whole organism	http://purl.obolibrary.org/obo/UBERON_0000468
E-MTAB-7933		ERR3310292	factor	time	36 hour
E-MTAB-7933		ERR3310293	characteristic	age	13 day
E-MTAB-7933		ERR3310293	characteristic	cultivar	Col-0	http://www.ebi.ac.uk/efo/EFO_0005148
E-MTAB-7933		ERR3310293	characteristic	developmental stage	seedling	http://purl.obolibrary.org/obo/PO_0007131
E-MTAB-7933		ERR3310293	characteristic	genotype	wild type genotype
E-MTAB-7933		ERR3310293	characteristic	organism	Arabidopsis thaliana	http://purl.obolibrary.org/obo/NCBITaxon_3702
E-MTAB-7933		ERR3310293	characteristic	organism part	whole organism	http://purl.obolibrary.org/obo/UBERON_0000468
E-MTAB-7933		ERR3310293	factor	time	40 hour
E-MTAB-7933		ERR3310294	characteristic	age	13 day
E-MTAB-7933		ERR3310294	characteristic	cultivar	Col-0	http://www.ebi.ac.uk/efo/EFO_0005148
E-MTAB-7933		ERR3310294	characteristic	developmental stage	seedling	http://purl.obolibrary.org/obo/PO_0007131
E-MTAB-7933		ERR3310294	characteristic	genotype	wild type genotype
E-MTAB-7933		ERR3310294	characteristic	organism	Arabidopsis thaliana	http://purl.obolibrary.org/obo/NCBITaxon_3702
E-MTAB-7933		ERR3310294	characteristic	organism part	whole organism	http://purl.obolibrary.org/obo/UBERON_0000468
E-MTAB-7933		ERR3310294	factor	time	40 hour
E-MTAB-7933		ERR3310295	characteristic	age	13 day
E-MTAB-7933		ERR3310295	characteristic	cultivar	Col-0	http://www.ebi.ac.uk/efo/EFO_0005148
E-MTAB-7933		ERR3310295	characteristic	developmental stage	seedling	http://purl.obolibrary.org/obo/PO_0007131
E-MTAB-7933		ERR3310295	characteristic	genotype	wild type genotype
E-MTAB-7933		ERR3310295	characteristic	organism	Arabidopsis thaliana	http://purl.obolibrary.org/obo/NCBITaxon_3702
E-MTAB-7933		ERR3310295	characteristic	organism part	whole organism	http://purl.obolibrary.org/obo/UBERON_0000468
E-MTAB-7933		ERR3310295	factor	time	44 hour
E-MTAB-7933		ERR3310296	characteristic	age	13 day
E-MTAB-7933		ERR3310296	characteristic	cultivar	Col-0	http://www.ebi.ac.uk/efo/EFO_0005148
E-MTAB-7933		ERR3310296	characteristic	developmental stage	seedling	http://purl.obolibrary.org/obo/PO_0007131
E-MTAB-7933		ERR3310296	characteristic	genotype	wild type genotype
E-MTAB-7933		ERR3310296	characteristic	organism	Arabidopsis thaliana	http://purl.obolibrary.org/obo/NCBITaxon_3702
E-MTAB-7933		ERR3310296	characteristic	organism part	whole organism	http://purl.obolibrary.org/obo/UBERON_0000468
E-MTAB-7933		ERR3310296	factor	time	44 hour
E-MTAB-7933		ERR3310297	characteristic	age	14 day
E-MTAB-7933		ERR3310297	characteristic	cultivar	Col-0	http://www.ebi.ac.uk/efo/EFO_0005148
E-MTAB-7933		ERR3310297	characteristic	developmental stage	seedling	http://purl.obolibrary.org/obo/PO_0007131
E-MTAB-7933		ERR3310297	characteristic	genotype	wild type genotype
E-MTAB-7933		ERR3310297	characteristic	organism	Arabidopsis thaliana	http://purl.obolibrary.org/obo/NCBITaxon_3702
E-MTAB-7933		ERR3310297	characteristic	organism part	whole organism	http://purl.obolibrary.org/obo/UBERON_0000468
E-MTAB-7933		ERR3310297	factor	time	48 hour
E-MTAB-7933		ERR3310298	characteristic	age	14 day
E-MTAB-7933		ERR3310298	characteristic	cultivar	Col-0	http://www.ebi.ac.uk/efo/EFO_0005148
E-MTAB-7933		ERR3310298	characteristic	developmental stage	seedling	http://purl.obolibrary.org/obo/PO_0007131
E-MTAB-7933		ERR3310298	characteristic	genotype	wild type genotype
E-MTAB-7933		ERR3310298	characteristic	organism	Arabidopsis thaliana	http://purl.obolibrary.org/obo/NCBITaxon_3702
E-MTAB-7933		ERR3310298	characteristic	organism part	whole organism	http://purl.obolibrary.org/obo/UBERON_0000468
E-MTAB-7933		ERR3310298	factor	time	48 hour
E-MTAB-7933		ERR3310299	characteristic	age	14 day
E-MTAB-7933		ERR3310299	characteristic	cultivar	Col-0	http://www.ebi.ac.uk/efo/EFO_0005148
E-MTAB-7933		ERR3310299	characteristic	developmental stage	seedling	http://purl.obolibrary.org/obo/PO_0007131
E-MTAB-7933		ERR3310299	characteristic	genotype	wild type genotype
E-MTAB-7933		ERR3310299	characteristic	organism	Arabidopsis thaliana	http://purl.obolibrary.org/obo/NCBITaxon_3702
E-MTAB-7933		ERR3310299	characteristic	organism part	whole organism	http://purl.obolibrary.org/obo/UBERON_0000468
E-MTAB-7933		ERR3310299	factor	time	52 hour
E-MTAB-7933		ERR3310300	characteristic	age	14 day
E-MTAB-7933		ERR3310300	characteristic	cultivar	Col-0	http://www.ebi.ac.uk/efo/EFO_0005148
E-MTAB-7933		ERR3310300	characteristic	developmental stage	seedling	http://purl.obolibrary.org/obo/PO_0007131
E-MTAB-7933		ERR3310300	characteristic	genotype	wild type genotype
E-MTAB-7933		ERR3310300	characteristic	organism	Arabidopsis thaliana	http://purl.obolibrary.org/obo/NCBITaxon_3702
E-MTAB-7933		ERR3310300	characteristic	organism part	whole organism	http://purl.obolibrary.org/obo/UBERON_0000468
E-MTAB-7933		ERR3310300	factor	time	52 hour
E-MTAB-7933		ERR3310301	characteristic	age	14 day
E-MTAB-7933		ERR3310301	characteristic	cultivar	Col-0	http://www.ebi.ac.uk/efo/EFO_0005148
E-MTAB-7933		ERR3310301	characteristic	developmental stage	seedling	http://purl.obolibrary.org/obo/PO_0007131
E-MTAB-7933		ERR3310301	characteristic	genotype	wild type genotype
E-MTAB-7933		ERR3310301	characteristic	organism	Arabidopsis thaliana	http://purl.obolibrary.org/obo/NCBITaxon_3702
E-MTAB-7933		ERR3310301	characteristic	organism part	whole organism	http://purl.obolibrary.org/obo/UBERON_0000468
E-MTAB-7933		ERR3310301	factor	time	56 hour
E-MTAB-7933		ERR3310302	characteristic	age	14 day
E-MTAB-7933		ERR3310302	characteristic	cultivar	Col-0	http://www.ebi.ac.uk/efo/EFO_0005148
E-MTAB-7933		ERR3310302	characteristic	developmental stage	seedling	http://purl.obolibrary.org/obo/PO_0007131
E-MTAB-7933		ERR3310302	characteristic	genotype	wild type genotype
E-MTAB-7933		ERR3310302	characteristic	organism	Arabidopsis thaliana	http://purl.obolibrary.org/obo/NCBITaxon_3702
E-MTAB-7933		ERR3310302	characteristic	organism part	whole organism	http://purl.obolibrary.org/obo/UBERON_0000468
E-MTAB-7933		ERR3310302	factor	time	56 hour
E-MTAB-7933		ERR3310303	characteristic	age	14 day
E-MTAB-7933		ERR3310303	characteristic	cultivar	Col-0	http://www.ebi.ac.uk/efo/EFO_0005148
E-MTAB-7933		ERR3310303	characteristic	developmental stage	seedling	http://purl.obolibrary.org/obo/PO_0007131
E-MTAB-7933		ERR3310303	characteristic	genotype	wild type genotype
E-MTAB-7933		ERR3310303	characteristic	organism	Arabidopsis thaliana	http://purl.obolibrary.org/obo/NCBITaxon_3702
E-MTAB-7933		ERR3310303	characteristic	organism part	whole organism	http://purl.obolibrary.org/obo/UBERON_0000468
E-MTAB-7933		ERR3310303	factor	time	60 hour
E-MTAB-7933		ERR3310304	characteristic	age	14 day
E-MTAB-7933		ERR3310304	characteristic	cultivar	Col-0	http://www.ebi.ac.uk/efo/EFO_0005148
E-MTAB-7933		ERR3310304	characteristic	developmental stage	seedling	http://purl.obolibrary.org/obo/PO_0007131
E-MTAB-7933		ERR3310304	characteristic	genotype	wild type genotype
E-MTAB-7933		ERR3310304	characteristic	organism	Arabidopsis thaliana	http://purl.obolibrary.org/obo/NCBITaxon_3702
E-MTAB-7933		ERR3310304	characteristic	organism part	whole organism	http://purl.obolibrary.org/obo/UBERON_0000468
E-MTAB-7933		ERR3310304	factor	time	60 hour
E-MTAB-7933		ERR3310305	characteristic	age	14 day
E-MTAB-7933		ERR3310305	characteristic	cultivar	Col-0	http://www.ebi.ac.uk/efo/EFO_0005148
E-MTAB-7933		ERR3310305	characteristic	developmental stage	seedling	http://purl.obolibrary.org/obo/PO_0007131
E-MTAB-7933		ERR3310305	characteristic	genotype	wild type genotype
E-MTAB-7933		ERR3310305	characteristic	organism	Arabidopsis thaliana	http://purl.obolibrary.org/obo/NCBITaxon_3702
E-MTAB-7933		ERR3310305	characteristic	organism part	whole organism	http://purl.obolibrary.org/obo/UBERON_0000468
E-MTAB-7933		ERR3310305	factor	time	64 hour
E-MTAB-7933		ERR3310306	characteristic	age	14 day
E-MTAB-7933		ERR3310306	characteristic	cultivar	Col-0	http://www.ebi.ac.uk/efo/EFO_0005148
E-MTAB-7933		ERR3310306	characteristic	developmental stage	seedling	http://purl.obolibrary.org/obo/PO_0007131
E-MTAB-7933		ERR3310306	characteristic	genotype	wild type genotype
E-MTAB-7933		ERR3310306	characteristic	organism	Arabidopsis thaliana	http://purl.obolibrary.org/obo/NCBITaxon_3702
E-MTAB-7933		ERR3310306	characteristic	organism part	whole organism	http://purl.obolibrary.org/obo/UBERON_0000468
E-MTAB-7933		ERR3310306	factor	time	64 hour
E-MTAB-7933		ERR3310307	characteristic	age	14 day
E-MTAB-7933		ERR3310307	characteristic	cultivar	Col-0	http://www.ebi.ac.uk/efo/EFO_0005148
E-MTAB-7933		ERR3310307	characteristic	developmental stage	seedling	http://purl.obolibrary.org/obo/PO_0007131
E-MTAB-7933		ERR3310307	characteristic	genotype	wild type genotype
E-MTAB-7933		ERR3310307	characteristic	organism	Arabidopsis thaliana	http://purl.obolibrary.org/obo/NCBITaxon_3702
E-MTAB-7933		ERR3310307	characteristic	organism part	whole organism	http://purl.obolibrary.org/obo/UBERON_0000468
E-MTAB-7933		ERR3310307	factor	time	68 hour
E-MTAB-7933		ERR3310308	characteristic	age	14 day
E-MTAB-7933		ERR3310308	characteristic	cultivar	Col-0	http://www.ebi.ac.uk/efo/EFO_0005148
E-MTAB-7933		ERR3310308	characteristic	developmental stage	seedling	http://purl.obolibrary.org/obo/PO_0007131
E-MTAB-7933		ERR3310308	characteristic	genotype	wild type genotype
E-MTAB-7933		ERR3310308	characteristic	organism	Arabidopsis thaliana	http://purl.obolibrary.org/obo/NCBITaxon_3702
E-MTAB-7933		ERR3310308	characteristic	organism part	whole organism	http://purl.obolibrary.org/obo/UBERON_0000468
E-MTAB-7933		ERR3310308	factor	time	68 hour
