<?xml version="1.0" encoding="UTF-8"?>

<configuration experimentType="rnaseq_mrna_baseline" r_data="1">
    <analytics>
        <assay_groups>
            <assay_group id="g8" label="7 day">
                <assay>SRR1659922</assay>
                <assay>SRR1659921</assay>
            </assay_group>
            <assay_group id="g9" label="8 day">
                <assay>SRR1660398</assay>
                <assay>SRR1660397</assay>
            </assay_group>
            <assay_group id="g10" label="9 day">
                <assay technical_replicate_id="t1">SRR1661474</assay>
                <assay technical_replicate_id="t1">SRR1661473</assay>
                <assay technical_replicate_id="t2">SRR2073176</assay>
                <assay technical_replicate_id="t2">SRR2073174</assay>
            </assay_group>
            <assay_group id="g1" label="10 day">
                <assay technical_replicate_id="t3">SRR1661475</assay>
                <assay technical_replicate_id="t3">SRR1661476</assay>
                <assay technical_replicate_id="t4">SRR2073142</assay>
                <assay technical_replicate_id="t4">SRR2073143</assay>
            </assay_group>
            <assay_group id="g2" label="11 day">
                <assay technical_replicate_id="t5">SRR1661478</assay>
                <assay technical_replicate_id="t5">SRR1661477</assay>
                <assay technical_replicate_id="t6">SRR2073145</assay>
                <assay technical_replicate_id="t6">SRR2073144</assay>
            </assay_group>
            <assay_group id="g3" label="12 day">
                <assay technical_replicate_id="t7">SRR1661483</assay>
                <assay technical_replicate_id="t7">SRR1661484</assay>
                <assay technical_replicate_id="t8">SRR2106520</assay>
                <assay technical_replicate_id="t8">SRR2073179</assay>
            </assay_group>
            <assay_group id="g4" label="13 day">
                <assay technical_replicate_id="t10">SRR2073141</assay>
                <assay technical_replicate_id="t10">SRR2073146</assay>
                <assay technical_replicate_id="t9">SRR1688325</assay>
                <assay technical_replicate_id="t9">SRR1688326</assay>
            </assay_group>
            <assay_group id="g5" label="14 day">
                <assay>SRR1688328</assay>
                <assay>SRR1688327</assay>
            </assay_group>
            <assay_group id="g6" label="15 day">
                <assay>SRR1688426</assay>
                <assay>SRR1688425</assay>
            </assay_group>
            <assay_group id="g7" label="16 day">
                <assay>SRR1688427</assay>
                <assay>SRR1688429</assay>
            </assay_group>
        </assay_groups>
    </analytics>
</configuration>
