E-MTAB-4202		SRR1659921	characteristic	age	7 day
E-MTAB-4202		SRR1659921	characteristic	developmental stage	seedling development stage	http://purl.obolibrary.org/obo/PO_0007131
E-MTAB-4202		SRR1659921	characteristic	ecotype	Col-0	http://www.ebi.ac.uk/efo/EFO_0005148
E-MTAB-4202		SRR1659921	characteristic	growth condition	long day length regimen	http://purl.obolibrary.org/obo/EO_0007199
E-MTAB-4202		SRR1659921	characteristic	organism	Arabidopsis thaliana	http://purl.obolibrary.org/obo/NCBITaxon_3702
E-MTAB-4202		SRR1659921	characteristic	organism part	apical shoot meristem	http://purl.obolibrary.org/obo/PO_0020148
E-MTAB-4202		SRR1659921	characteristic	sampling time point	Zeitgeber time 10 to 11
E-MTAB-4202		SRR1659921	factor	age	7 day
E-MTAB-4202		SRR1659922	characteristic	age	7 day
E-MTAB-4202		SRR1659922	characteristic	developmental stage	seedling development stage	http://purl.obolibrary.org/obo/PO_0007131
E-MTAB-4202		SRR1659922	characteristic	ecotype	Col-0	http://www.ebi.ac.uk/efo/EFO_0005148
E-MTAB-4202		SRR1659922	characteristic	growth condition	long day length regimen	http://purl.obolibrary.org/obo/EO_0007199
E-MTAB-4202		SRR1659922	characteristic	organism	Arabidopsis thaliana	http://purl.obolibrary.org/obo/NCBITaxon_3702
E-MTAB-4202		SRR1659922	characteristic	organism part	apical shoot meristem	http://purl.obolibrary.org/obo/PO_0020148
E-MTAB-4202		SRR1659922	characteristic	sampling time point	Zeitgeber time 10 to 11
E-MTAB-4202		SRR1659922	factor	age	7 day
E-MTAB-4202		SRR1660397	characteristic	age	8 day
E-MTAB-4202		SRR1660397	characteristic	developmental stage	seedling development stage	http://purl.obolibrary.org/obo/PO_0007131
E-MTAB-4202		SRR1660397	characteristic	ecotype	Col-0	http://www.ebi.ac.uk/efo/EFO_0005148
E-MTAB-4202		SRR1660397	characteristic	growth condition	long day length regimen	http://purl.obolibrary.org/obo/EO_0007199
E-MTAB-4202		SRR1660397	characteristic	organism	Arabidopsis thaliana	http://purl.obolibrary.org/obo/NCBITaxon_3702
E-MTAB-4202		SRR1660397	characteristic	organism part	apical shoot meristem	http://purl.obolibrary.org/obo/PO_0020148
E-MTAB-4202		SRR1660397	characteristic	sampling time point	Zeitgeber time 10 to 11
E-MTAB-4202		SRR1660397	factor	age	8 day
E-MTAB-4202		SRR1660398	characteristic	age	8 day
E-MTAB-4202		SRR1660398	characteristic	developmental stage	seedling development stage	http://purl.obolibrary.org/obo/PO_0007131
E-MTAB-4202		SRR1660398	characteristic	ecotype	Col-0	http://www.ebi.ac.uk/efo/EFO_0005148
E-MTAB-4202		SRR1660398	characteristic	growth condition	long day length regimen	http://purl.obolibrary.org/obo/EO_0007199
E-MTAB-4202		SRR1660398	characteristic	organism	Arabidopsis thaliana	http://purl.obolibrary.org/obo/NCBITaxon_3702
E-MTAB-4202		SRR1660398	characteristic	organism part	apical shoot meristem	http://purl.obolibrary.org/obo/PO_0020148
E-MTAB-4202		SRR1660398	characteristic	sampling time point	Zeitgeber time 10 to 11
E-MTAB-4202		SRR1660398	factor	age	8 day
E-MTAB-4202		SRR1661473	characteristic	age	9 day
E-MTAB-4202		SRR1661473	characteristic	developmental stage	seedling development stage	http://purl.obolibrary.org/obo/PO_0007131
E-MTAB-4202		SRR1661473	characteristic	ecotype	Col-0	http://www.ebi.ac.uk/efo/EFO_0005148
E-MTAB-4202		SRR1661473	characteristic	growth condition	long day length regimen	http://purl.obolibrary.org/obo/EO_0007199
E-MTAB-4202		SRR1661473	characteristic	organism	Arabidopsis thaliana	http://purl.obolibrary.org/obo/NCBITaxon_3702
E-MTAB-4202		SRR1661473	characteristic	organism part	apical shoot meristem	http://purl.obolibrary.org/obo/PO_0020148
E-MTAB-4202		SRR1661473	characteristic	sampling time point	Zeitgeber time 10 to 11
E-MTAB-4202		SRR1661473	factor	age	9 day
E-MTAB-4202		SRR1661474	characteristic	age	9 day
E-MTAB-4202		SRR1661474	characteristic	developmental stage	seedling development stage	http://purl.obolibrary.org/obo/PO_0007131
E-MTAB-4202		SRR1661474	characteristic	ecotype	Col-0	http://www.ebi.ac.uk/efo/EFO_0005148
E-MTAB-4202		SRR1661474	characteristic	growth condition	long day length regimen	http://purl.obolibrary.org/obo/EO_0007199
E-MTAB-4202		SRR1661474	characteristic	organism	Arabidopsis thaliana	http://purl.obolibrary.org/obo/NCBITaxon_3702
E-MTAB-4202		SRR1661474	characteristic	organism part	apical shoot meristem	http://purl.obolibrary.org/obo/PO_0020148
E-MTAB-4202		SRR1661474	characteristic	sampling time point	Zeitgeber time 10 to 11
E-MTAB-4202		SRR1661474	factor	age	9 day
E-MTAB-4202		SRR1661475	characteristic	age	10 day
E-MTAB-4202		SRR1661475	characteristic	developmental stage	seedling development stage	http://purl.obolibrary.org/obo/PO_0007131
E-MTAB-4202		SRR1661475	characteristic	ecotype	Col-0	http://www.ebi.ac.uk/efo/EFO_0005148
E-MTAB-4202		SRR1661475	characteristic	growth condition	long day length regimen	http://purl.obolibrary.org/obo/EO_0007199
E-MTAB-4202		SRR1661475	characteristic	organism	Arabidopsis thaliana	http://purl.obolibrary.org/obo/NCBITaxon_3702
E-MTAB-4202		SRR1661475	characteristic	organism part	apical shoot meristem	http://purl.obolibrary.org/obo/PO_0020148
E-MTAB-4202		SRR1661475	characteristic	sampling time point	Zeitgeber time 10 to 11
E-MTAB-4202		SRR1661475	factor	age	10 day
E-MTAB-4202		SRR1661476	characteristic	age	10 day
E-MTAB-4202		SRR1661476	characteristic	developmental stage	seedling development stage	http://purl.obolibrary.org/obo/PO_0007131
E-MTAB-4202		SRR1661476	characteristic	ecotype	Col-0	http://www.ebi.ac.uk/efo/EFO_0005148
E-MTAB-4202		SRR1661476	characteristic	growth condition	long day length regimen	http://purl.obolibrary.org/obo/EO_0007199
E-MTAB-4202		SRR1661476	characteristic	organism	Arabidopsis thaliana	http://purl.obolibrary.org/obo/NCBITaxon_3702
E-MTAB-4202		SRR1661476	characteristic	organism part	apical shoot meristem	http://purl.obolibrary.org/obo/PO_0020148
E-MTAB-4202		SRR1661476	characteristic	sampling time point	Zeitgeber time 10 to 11
E-MTAB-4202		SRR1661476	factor	age	10 day
E-MTAB-4202		SRR1661477	characteristic	age	11 day
E-MTAB-4202		SRR1661477	characteristic	developmental stage	seedling development stage	http://purl.obolibrary.org/obo/PO_0007131
E-MTAB-4202		SRR1661477	characteristic	ecotype	Col-0	http://www.ebi.ac.uk/efo/EFO_0005148
E-MTAB-4202		SRR1661477	characteristic	growth condition	long day length regimen	http://purl.obolibrary.org/obo/EO_0007199
E-MTAB-4202		SRR1661477	characteristic	organism	Arabidopsis thaliana	http://purl.obolibrary.org/obo/NCBITaxon_3702
E-MTAB-4202		SRR1661477	characteristic	organism part	apical shoot meristem	http://purl.obolibrary.org/obo/PO_0020148
E-MTAB-4202		SRR1661477	characteristic	sampling time point	Zeitgeber time 10 to 11
E-MTAB-4202		SRR1661477	factor	age	11 day
E-MTAB-4202		SRR1661478	characteristic	age	11 day
E-MTAB-4202		SRR1661478	characteristic	developmental stage	seedling development stage	http://purl.obolibrary.org/obo/PO_0007131
E-MTAB-4202		SRR1661478	characteristic	ecotype	Col-0	http://www.ebi.ac.uk/efo/EFO_0005148
E-MTAB-4202		SRR1661478	characteristic	growth condition	long day length regimen	http://purl.obolibrary.org/obo/EO_0007199
E-MTAB-4202		SRR1661478	characteristic	organism	Arabidopsis thaliana	http://purl.obolibrary.org/obo/NCBITaxon_3702
E-MTAB-4202		SRR1661478	characteristic	organism part	apical shoot meristem	http://purl.obolibrary.org/obo/PO_0020148
E-MTAB-4202		SRR1661478	characteristic	sampling time point	Zeitgeber time 10 to 11
E-MTAB-4202		SRR1661478	factor	age	11 day
E-MTAB-4202		SRR1661483	characteristic	age	12 day
E-MTAB-4202		SRR1661483	characteristic	developmental stage	seedling development stage	http://purl.obolibrary.org/obo/PO_0007131
E-MTAB-4202		SRR1661483	characteristic	ecotype	Col-0	http://www.ebi.ac.uk/efo/EFO_0005148
E-MTAB-4202		SRR1661483	characteristic	growth condition	long day length regimen	http://purl.obolibrary.org/obo/EO_0007199
E-MTAB-4202		SRR1661483	characteristic	organism	Arabidopsis thaliana	http://purl.obolibrary.org/obo/NCBITaxon_3702
E-MTAB-4202		SRR1661483	characteristic	organism part	apical shoot meristem	http://purl.obolibrary.org/obo/PO_0020148
E-MTAB-4202		SRR1661483	characteristic	sampling time point	Zeitgeber time 10 to 11
E-MTAB-4202		SRR1661483	factor	age	12 day
E-MTAB-4202		SRR1661484	characteristic	age	12 day
E-MTAB-4202		SRR1661484	characteristic	developmental stage	seedling development stage	http://purl.obolibrary.org/obo/PO_0007131
E-MTAB-4202		SRR1661484	characteristic	ecotype	Col-0	http://www.ebi.ac.uk/efo/EFO_0005148
E-MTAB-4202		SRR1661484	characteristic	growth condition	long day length regimen	http://purl.obolibrary.org/obo/EO_0007199
E-MTAB-4202		SRR1661484	characteristic	organism	Arabidopsis thaliana	http://purl.obolibrary.org/obo/NCBITaxon_3702
E-MTAB-4202		SRR1661484	characteristic	organism part	apical shoot meristem	http://purl.obolibrary.org/obo/PO_0020148
E-MTAB-4202		SRR1661484	characteristic	sampling time point	Zeitgeber time 10 to 11
E-MTAB-4202		SRR1661484	factor	age	12 day
E-MTAB-4202		SRR1688325	characteristic	age	13 day
E-MTAB-4202		SRR1688325	characteristic	developmental stage	seedling development stage	http://purl.obolibrary.org/obo/PO_0007131
E-MTAB-4202		SRR1688325	characteristic	ecotype	Col-0	http://www.ebi.ac.uk/efo/EFO_0005148
E-MTAB-4202		SRR1688325	characteristic	growth condition	long day length regimen	http://purl.obolibrary.org/obo/EO_0007199
E-MTAB-4202		SRR1688325	characteristic	organism	Arabidopsis thaliana	http://purl.obolibrary.org/obo/NCBITaxon_3702
E-MTAB-4202		SRR1688325	characteristic	organism part	apical shoot meristem	http://purl.obolibrary.org/obo/PO_0020148
E-MTAB-4202		SRR1688325	characteristic	sampling time point	Zeitgeber time 10 to 11
E-MTAB-4202		SRR1688325	factor	age	13 day
E-MTAB-4202		SRR1688326	characteristic	age	13 day
E-MTAB-4202		SRR1688326	characteristic	developmental stage	seedling development stage	http://purl.obolibrary.org/obo/PO_0007131
E-MTAB-4202		SRR1688326	characteristic	ecotype	Col-0	http://www.ebi.ac.uk/efo/EFO_0005148
E-MTAB-4202		SRR1688326	characteristic	growth condition	long day length regimen	http://purl.obolibrary.org/obo/EO_0007199
E-MTAB-4202		SRR1688326	characteristic	organism	Arabidopsis thaliana	http://purl.obolibrary.org/obo/NCBITaxon_3702
E-MTAB-4202		SRR1688326	characteristic	organism part	apical shoot meristem	http://purl.obolibrary.org/obo/PO_0020148
E-MTAB-4202		SRR1688326	characteristic	sampling time point	Zeitgeber time 10 to 11
E-MTAB-4202		SRR1688326	factor	age	13 day
E-MTAB-4202		SRR1688327	characteristic	age	14 day
E-MTAB-4202		SRR1688327	characteristic	developmental stage	seedling development stage	http://purl.obolibrary.org/obo/PO_0007131
E-MTAB-4202		SRR1688327	characteristic	ecotype	Col-0	http://www.ebi.ac.uk/efo/EFO_0005148
E-MTAB-4202		SRR1688327	characteristic	growth condition	long day length regimen	http://purl.obolibrary.org/obo/EO_0007199
E-MTAB-4202		SRR1688327	characteristic	organism	Arabidopsis thaliana	http://purl.obolibrary.org/obo/NCBITaxon_3702
E-MTAB-4202		SRR1688327	characteristic	organism part	apical shoot meristem	http://purl.obolibrary.org/obo/PO_0020148
E-MTAB-4202		SRR1688327	characteristic	sampling time point	Zeitgeber time 10 to 11
E-MTAB-4202		SRR1688327	factor	age	14 day
E-MTAB-4202		SRR1688328	characteristic	age	14 day
E-MTAB-4202		SRR1688328	characteristic	developmental stage	seedling development stage	http://purl.obolibrary.org/obo/PO_0007131
E-MTAB-4202		SRR1688328	characteristic	ecotype	Col-0	http://www.ebi.ac.uk/efo/EFO_0005148
E-MTAB-4202		SRR1688328	characteristic	growth condition	long day length regimen	http://purl.obolibrary.org/obo/EO_0007199
E-MTAB-4202		SRR1688328	characteristic	organism	Arabidopsis thaliana	http://purl.obolibrary.org/obo/NCBITaxon_3702
E-MTAB-4202		SRR1688328	characteristic	organism part	apical shoot meristem	http://purl.obolibrary.org/obo/PO_0020148
E-MTAB-4202		SRR1688328	characteristic	sampling time point	Zeitgeber time 10 to 11
E-MTAB-4202		SRR1688328	factor	age	14 day
E-MTAB-4202		SRR1688425	characteristic	age	15 day
E-MTAB-4202		SRR1688425	characteristic	developmental stage	seedling development stage	http://purl.obolibrary.org/obo/PO_0007131
E-MTAB-4202		SRR1688425	characteristic	ecotype	Col-0	http://www.ebi.ac.uk/efo/EFO_0005148
E-MTAB-4202		SRR1688425	characteristic	growth condition	long day length regimen	http://purl.obolibrary.org/obo/EO_0007199
E-MTAB-4202		SRR1688425	characteristic	organism	Arabidopsis thaliana	http://purl.obolibrary.org/obo/NCBITaxon_3702
E-MTAB-4202		SRR1688425	characteristic	organism part	apical shoot meristem	http://purl.obolibrary.org/obo/PO_0020148
E-MTAB-4202		SRR1688425	characteristic	sampling time point	Zeitgeber time 10 to 11
E-MTAB-4202		SRR1688425	factor	age	15 day
E-MTAB-4202		SRR1688426	characteristic	age	15 day
E-MTAB-4202		SRR1688426	characteristic	developmental stage	seedling development stage	http://purl.obolibrary.org/obo/PO_0007131
E-MTAB-4202		SRR1688426	characteristic	ecotype	Col-0	http://www.ebi.ac.uk/efo/EFO_0005148
E-MTAB-4202		SRR1688426	characteristic	growth condition	long day length regimen	http://purl.obolibrary.org/obo/EO_0007199
E-MTAB-4202		SRR1688426	characteristic	organism	Arabidopsis thaliana	http://purl.obolibrary.org/obo/NCBITaxon_3702
E-MTAB-4202		SRR1688426	characteristic	organism part	apical shoot meristem	http://purl.obolibrary.org/obo/PO_0020148
E-MTAB-4202		SRR1688426	characteristic	sampling time point	Zeitgeber time 10 to 11
E-MTAB-4202		SRR1688426	factor	age	15 day
E-MTAB-4202		SRR1688427	characteristic	age	16 day
E-MTAB-4202		SRR1688427	characteristic	developmental stage	seedling development stage	http://purl.obolibrary.org/obo/PO_0007131
E-MTAB-4202		SRR1688427	characteristic	ecotype	Col-0	http://www.ebi.ac.uk/efo/EFO_0005148
E-MTAB-4202		SRR1688427	characteristic	growth condition	long day length regimen	http://purl.obolibrary.org/obo/EO_0007199
E-MTAB-4202		SRR1688427	characteristic	organism	Arabidopsis thaliana	http://purl.obolibrary.org/obo/NCBITaxon_3702
E-MTAB-4202		SRR1688427	characteristic	organism part	apical shoot meristem	http://purl.obolibrary.org/obo/PO_0020148
E-MTAB-4202		SRR1688427	characteristic	sampling time point	Zeitgeber time 10 to 11
E-MTAB-4202		SRR1688427	factor	age	16 day
E-MTAB-4202		SRR1688429	characteristic	age	16 day
E-MTAB-4202		SRR1688429	characteristic	developmental stage	seedling development stage	http://purl.obolibrary.org/obo/PO_0007131
E-MTAB-4202		SRR1688429	characteristic	ecotype	Col-0	http://www.ebi.ac.uk/efo/EFO_0005148
E-MTAB-4202		SRR1688429	characteristic	growth condition	long day length regimen	http://purl.obolibrary.org/obo/EO_0007199
E-MTAB-4202		SRR1688429	characteristic	organism	Arabidopsis thaliana	http://purl.obolibrary.org/obo/NCBITaxon_3702
E-MTAB-4202		SRR1688429	characteristic	organism part	apical shoot meristem	http://purl.obolibrary.org/obo/PO_0020148
E-MTAB-4202		SRR1688429	characteristic	sampling time point	Zeitgeber time 10 to 11
E-MTAB-4202		SRR1688429	factor	age	16 day
E-MTAB-4202		SRR2073141	characteristic	age	13 day
E-MTAB-4202		SRR2073141	characteristic	developmental stage	seedling development stage	http://purl.obolibrary.org/obo/PO_0007131
E-MTAB-4202		SRR2073141	characteristic	ecotype	Col-0	http://www.ebi.ac.uk/efo/EFO_0005148
E-MTAB-4202		SRR2073141	characteristic	growth condition	long day length regimen	http://purl.obolibrary.org/obo/EO_0007199
E-MTAB-4202		SRR2073141	characteristic	organism	Arabidopsis thaliana	http://purl.obolibrary.org/obo/NCBITaxon_3702
E-MTAB-4202		SRR2073141	characteristic	organism part	apical shoot meristem	http://purl.obolibrary.org/obo/PO_0020148
E-MTAB-4202		SRR2073141	characteristic	sampling time point	Zeitgeber time 10 to 11
E-MTAB-4202		SRR2073141	factor	age	13 day
E-MTAB-4202		SRR2073142	characteristic	age	10 day
E-MTAB-4202		SRR2073142	characteristic	developmental stage	seedling development stage	http://purl.obolibrary.org/obo/PO_0007131
E-MTAB-4202		SRR2073142	characteristic	ecotype	Col-0	http://www.ebi.ac.uk/efo/EFO_0005148
E-MTAB-4202		SRR2073142	characteristic	growth condition	long day length regimen	http://purl.obolibrary.org/obo/EO_0007199
E-MTAB-4202		SRR2073142	characteristic	organism	Arabidopsis thaliana	http://purl.obolibrary.org/obo/NCBITaxon_3702
E-MTAB-4202		SRR2073142	characteristic	organism part	apical shoot meristem	http://purl.obolibrary.org/obo/PO_0020148
E-MTAB-4202		SRR2073142	characteristic	sampling time point	Zeitgeber time 10 to 11
E-MTAB-4202		SRR2073142	factor	age	10 day
E-MTAB-4202		SRR2073143	characteristic	age	10 day
E-MTAB-4202		SRR2073143	characteristic	developmental stage	seedling development stage	http://purl.obolibrary.org/obo/PO_0007131
E-MTAB-4202		SRR2073143	characteristic	ecotype	Col-0	http://www.ebi.ac.uk/efo/EFO_0005148
E-MTAB-4202		SRR2073143	characteristic	growth condition	long day length regimen	http://purl.obolibrary.org/obo/EO_0007199
E-MTAB-4202		SRR2073143	characteristic	organism	Arabidopsis thaliana	http://purl.obolibrary.org/obo/NCBITaxon_3702
E-MTAB-4202		SRR2073143	characteristic	organism part	apical shoot meristem	http://purl.obolibrary.org/obo/PO_0020148
E-MTAB-4202		SRR2073143	characteristic	sampling time point	Zeitgeber time 10 to 11
E-MTAB-4202		SRR2073143	factor	age	10 day
E-MTAB-4202		SRR2073144	characteristic	age	11 day
E-MTAB-4202		SRR2073144	characteristic	developmental stage	seedling development stage	http://purl.obolibrary.org/obo/PO_0007131
E-MTAB-4202		SRR2073144	characteristic	ecotype	Col-0	http://www.ebi.ac.uk/efo/EFO_0005148
E-MTAB-4202		SRR2073144	characteristic	growth condition	long day length regimen	http://purl.obolibrary.org/obo/EO_0007199
E-MTAB-4202		SRR2073144	characteristic	organism	Arabidopsis thaliana	http://purl.obolibrary.org/obo/NCBITaxon_3702
E-MTAB-4202		SRR2073144	characteristic	organism part	apical shoot meristem	http://purl.obolibrary.org/obo/PO_0020148
E-MTAB-4202		SRR2073144	characteristic	sampling time point	Zeitgeber time 10 to 11
E-MTAB-4202		SRR2073144	factor	age	11 day
E-MTAB-4202		SRR2073145	characteristic	age	11 day
E-MTAB-4202		SRR2073145	characteristic	developmental stage	seedling development stage	http://purl.obolibrary.org/obo/PO_0007131
E-MTAB-4202		SRR2073145	characteristic	ecotype	Col-0	http://www.ebi.ac.uk/efo/EFO_0005148
E-MTAB-4202		SRR2073145	characteristic	growth condition	long day length regimen	http://purl.obolibrary.org/obo/EO_0007199
E-MTAB-4202		SRR2073145	characteristic	organism	Arabidopsis thaliana	http://purl.obolibrary.org/obo/NCBITaxon_3702
E-MTAB-4202		SRR2073145	characteristic	organism part	apical shoot meristem	http://purl.obolibrary.org/obo/PO_0020148
E-MTAB-4202		SRR2073145	characteristic	sampling time point	Zeitgeber time 10 to 11
E-MTAB-4202		SRR2073145	factor	age	11 day
E-MTAB-4202		SRR2073146	characteristic	age	13 day
E-MTAB-4202		SRR2073146	characteristic	developmental stage	seedling development stage	http://purl.obolibrary.org/obo/PO_0007131
E-MTAB-4202		SRR2073146	characteristic	ecotype	Col-0	http://www.ebi.ac.uk/efo/EFO_0005148
E-MTAB-4202		SRR2073146	characteristic	growth condition	long day length regimen	http://purl.obolibrary.org/obo/EO_0007199
E-MTAB-4202		SRR2073146	characteristic	organism	Arabidopsis thaliana	http://purl.obolibrary.org/obo/NCBITaxon_3702
E-MTAB-4202		SRR2073146	characteristic	organism part	apical shoot meristem	http://purl.obolibrary.org/obo/PO_0020148
E-MTAB-4202		SRR2073146	characteristic	sampling time point	Zeitgeber time 10 to 11
E-MTAB-4202		SRR2073146	factor	age	13 day
E-MTAB-4202		SRR2073174	characteristic	age	9 day
E-MTAB-4202		SRR2073174	characteristic	developmental stage	seedling development stage	http://purl.obolibrary.org/obo/PO_0007131
E-MTAB-4202		SRR2073174	characteristic	ecotype	Col-0	http://www.ebi.ac.uk/efo/EFO_0005148
E-MTAB-4202		SRR2073174	characteristic	growth condition	long day length regimen	http://purl.obolibrary.org/obo/EO_0007199
E-MTAB-4202		SRR2073174	characteristic	organism	Arabidopsis thaliana	http://purl.obolibrary.org/obo/NCBITaxon_3702
E-MTAB-4202		SRR2073174	characteristic	organism part	apical shoot meristem	http://purl.obolibrary.org/obo/PO_0020148
E-MTAB-4202		SRR2073174	characteristic	sampling time point	Zeitgeber time 10 to 11
E-MTAB-4202		SRR2073174	factor	age	9 day
E-MTAB-4202		SRR2073176	characteristic	age	9 day
E-MTAB-4202		SRR2073176	characteristic	developmental stage	seedling development stage	http://purl.obolibrary.org/obo/PO_0007131
E-MTAB-4202		SRR2073176	characteristic	ecotype	Col-0	http://www.ebi.ac.uk/efo/EFO_0005148
E-MTAB-4202		SRR2073176	characteristic	growth condition	long day length regimen	http://purl.obolibrary.org/obo/EO_0007199
E-MTAB-4202		SRR2073176	characteristic	organism	Arabidopsis thaliana	http://purl.obolibrary.org/obo/NCBITaxon_3702
E-MTAB-4202		SRR2073176	characteristic	organism part	apical shoot meristem	http://purl.obolibrary.org/obo/PO_0020148
E-MTAB-4202		SRR2073176	characteristic	sampling time point	Zeitgeber time 10 to 11
E-MTAB-4202		SRR2073176	factor	age	9 day
E-MTAB-4202		SRR2073179	characteristic	age	12 day
E-MTAB-4202		SRR2073179	characteristic	developmental stage	seedling development stage	http://purl.obolibrary.org/obo/PO_0007131
E-MTAB-4202		SRR2073179	characteristic	ecotype	Col-0	http://www.ebi.ac.uk/efo/EFO_0005148
E-MTAB-4202		SRR2073179	characteristic	growth condition	long day length regimen	http://purl.obolibrary.org/obo/EO_0007199
E-MTAB-4202		SRR2073179	characteristic	organism	Arabidopsis thaliana	http://purl.obolibrary.org/obo/NCBITaxon_3702
E-MTAB-4202		SRR2073179	characteristic	organism part	apical shoot meristem	http://purl.obolibrary.org/obo/PO_0020148
E-MTAB-4202		SRR2073179	characteristic	sampling time point	Zeitgeber time 10 to 11
E-MTAB-4202		SRR2073179	factor	age	12 day
E-MTAB-4202		SRR2106520	characteristic	age	12 day
E-MTAB-4202		SRR2106520	characteristic	developmental stage	seedling development stage	http://purl.obolibrary.org/obo/PO_0007131
E-MTAB-4202		SRR2106520	characteristic	ecotype	Col-0	http://www.ebi.ac.uk/efo/EFO_0005148
E-MTAB-4202		SRR2106520	characteristic	growth condition	long day length regimen	http://purl.obolibrary.org/obo/EO_0007199
E-MTAB-4202		SRR2106520	characteristic	organism	Arabidopsis thaliana	http://purl.obolibrary.org/obo/NCBITaxon_3702
E-MTAB-4202		SRR2106520	characteristic	organism part	apical shoot meristem	http://purl.obolibrary.org/obo/PO_0020148
E-MTAB-4202		SRR2106520	characteristic	sampling time point	Zeitgeber time 10 to 11
E-MTAB-4202		SRR2106520	factor	age	12 day
