<?xml version="1.0" encoding="UTF-8"?>

<configuration experimentType="rnaseq_mrna_baseline" r_data="1">
    <analytics>
        <assay_groups>
            <assay_group id="g1" label="pPUB25::n3GFP; root meristem; distal">
                <assay>SRR5469581</assay>
                <assay>SRR5469579</assay>
                <assay>SRR5469580</assay>
            </assay_group>
            <assay_group id="g2" label="pPUB25::n3GFP; root meristem; medial">
                <assay>SRR5469577</assay>
                <assay>SRR5469576</assay>
                <assay>SRR5469578</assay>
            </assay_group>
            <assay_group id="g3" label="pPUB25::n3GFP; root meristem; proximal">
                <assay>SRR5469574</assay>
                <assay>SRR5469575</assay>
                <assay>SRR5469573</assay>
            </assay_group>
            <assay_group id="g4" label="pSPT::n3GFP; root meristem; distal">
                <assay>SRR5469589</assay>
                <assay>SRR5469588</assay>
                <assay>SRR5469590</assay>
            </assay_group>
            <assay_group id="g5" label="pSPT::n3GFP; root meristem; medial">
                <assay>SRR5469587</assay>
                <assay>SRR5469585</assay>
                <assay>SRR5469586</assay>
            </assay_group>
            <assay_group id="g6" label="pSPT::n3GFP; root meristem; proximal">
                <assay>SRR5469582</assay>
                <assay>SRR5469583</assay>
                <assay>SRR5469584</assay>
            </assay_group>
            <assay_group id="g7" label="pTMO5::n3GFP; pTMO5::TMO5:3xGFP; root meristem xylem; distal">
                <assay>SRR5469595</assay>
                <assay>SRR5469596</assay>
            </assay_group>
            <assay_group id="g8" label="pTMO5::n3GFP; pTMO5::TMO5:3xGFP; root meristem xylem; medial">
                <assay>SRR5469593</assay>
                <assay>SRR5469594</assay>
            </assay_group>
            <assay_group id="g9" label="pTMO5::n3GFP; pTMO5::TMO5:3xGFP; root meristem xylem; proximal">
                <assay>SRR5469591</assay>
                <assay>SRR5469592</assay>
            </assay_group>
        </assay_groups>
    </analytics>
</configuration>
