E-GEOD-98097		SRR5469573	characteristic	cell type	protoplast	http://purl.obolibrary.org/obo/CL_0000371
E-GEOD-98097		SRR5469573	characteristic	developmental stage	seedling development stage	http://purl.obolibrary.org/obo/PO_0007131
E-GEOD-98097		SRR5469573	characteristic	ecotype	Col-0	http://www.ebi.ac.uk/efo/EFO_0005148
E-GEOD-98097		SRR5469573	characteristic	genotype	pPUB25::n3GFP
E-GEOD-98097		SRR5469573	characteristic	organism	Arabidopsis thaliana	http://purl.obolibrary.org/obo/NCBITaxon_3702
E-GEOD-98097		SRR5469573	characteristic	organism part	root meristem	http://purl.obolibrary.org/obo/PO_0006085
E-GEOD-98097		SRR5469573	characteristic	sampling site	proximal	http://www.ebi.ac.uk/efo/EFO_0001661
E-GEOD-98097		SRR5469573	factor	genotype	pPUB25::n3GFP
E-GEOD-98097		SRR5469573	factor	organism part	root meristem	http://purl.obolibrary.org/obo/PO_0006085
E-GEOD-98097		SRR5469573	factor	sampling site	proximal	http://www.ebi.ac.uk/efo/EFO_0001661
E-GEOD-98097		SRR5469574	characteristic	cell type	protoplast	http://purl.obolibrary.org/obo/CL_0000371
E-GEOD-98097		SRR5469574	characteristic	developmental stage	seedling development stage	http://purl.obolibrary.org/obo/PO_0007131
E-GEOD-98097		SRR5469574	characteristic	ecotype	Col-0	http://www.ebi.ac.uk/efo/EFO_0005148
E-GEOD-98097		SRR5469574	characteristic	genotype	pPUB25::n3GFP
E-GEOD-98097		SRR5469574	characteristic	organism	Arabidopsis thaliana	http://purl.obolibrary.org/obo/NCBITaxon_3702
E-GEOD-98097		SRR5469574	characteristic	organism part	root meristem	http://purl.obolibrary.org/obo/PO_0006085
E-GEOD-98097		SRR5469574	characteristic	sampling site	proximal	http://www.ebi.ac.uk/efo/EFO_0001661
E-GEOD-98097		SRR5469574	factor	genotype	pPUB25::n3GFP
E-GEOD-98097		SRR5469574	factor	organism part	root meristem	http://purl.obolibrary.org/obo/PO_0006085
E-GEOD-98097		SRR5469574	factor	sampling site	proximal	http://www.ebi.ac.uk/efo/EFO_0001661
E-GEOD-98097		SRR5469575	characteristic	cell type	protoplast	http://purl.obolibrary.org/obo/CL_0000371
E-GEOD-98097		SRR5469575	characteristic	developmental stage	seedling development stage	http://purl.obolibrary.org/obo/PO_0007131
E-GEOD-98097		SRR5469575	characteristic	ecotype	Col-0	http://www.ebi.ac.uk/efo/EFO_0005148
E-GEOD-98097		SRR5469575	characteristic	genotype	pPUB25::n3GFP
E-GEOD-98097		SRR5469575	characteristic	organism	Arabidopsis thaliana	http://purl.obolibrary.org/obo/NCBITaxon_3702
E-GEOD-98097		SRR5469575	characteristic	organism part	root meristem	http://purl.obolibrary.org/obo/PO_0006085
E-GEOD-98097		SRR5469575	characteristic	sampling site	proximal	http://www.ebi.ac.uk/efo/EFO_0001661
E-GEOD-98097		SRR5469575	factor	genotype	pPUB25::n3GFP
E-GEOD-98097		SRR5469575	factor	organism part	root meristem	http://purl.obolibrary.org/obo/PO_0006085
E-GEOD-98097		SRR5469575	factor	sampling site	proximal	http://www.ebi.ac.uk/efo/EFO_0001661
E-GEOD-98097		SRR5469576	characteristic	cell type	protoplast	http://purl.obolibrary.org/obo/CL_0000371
E-GEOD-98097		SRR5469576	characteristic	developmental stage	seedling development stage	http://purl.obolibrary.org/obo/PO_0007131
E-GEOD-98097		SRR5469576	characteristic	ecotype	Col-0	http://www.ebi.ac.uk/efo/EFO_0005148
E-GEOD-98097		SRR5469576	characteristic	genotype	pPUB25::n3GFP
E-GEOD-98097		SRR5469576	characteristic	organism	Arabidopsis thaliana	http://purl.obolibrary.org/obo/NCBITaxon_3702
E-GEOD-98097		SRR5469576	characteristic	organism part	root meristem	http://purl.obolibrary.org/obo/PO_0006085
E-GEOD-98097		SRR5469576	characteristic	sampling site	medial
E-GEOD-98097		SRR5469576	factor	genotype	pPUB25::n3GFP
E-GEOD-98097		SRR5469576	factor	organism part	root meristem	http://purl.obolibrary.org/obo/PO_0006085
E-GEOD-98097		SRR5469576	factor	sampling site	medial
E-GEOD-98097		SRR5469577	characteristic	cell type	protoplast	http://purl.obolibrary.org/obo/CL_0000371
E-GEOD-98097		SRR5469577	characteristic	developmental stage	seedling development stage	http://purl.obolibrary.org/obo/PO_0007131
E-GEOD-98097		SRR5469577	characteristic	ecotype	Col-0	http://www.ebi.ac.uk/efo/EFO_0005148
E-GEOD-98097		SRR5469577	characteristic	genotype	pPUB25::n3GFP
E-GEOD-98097		SRR5469577	characteristic	organism	Arabidopsis thaliana	http://purl.obolibrary.org/obo/NCBITaxon_3702
E-GEOD-98097		SRR5469577	characteristic	organism part	root meristem	http://purl.obolibrary.org/obo/PO_0006085
E-GEOD-98097		SRR5469577	characteristic	sampling site	medial
E-GEOD-98097		SRR5469577	factor	genotype	pPUB25::n3GFP
E-GEOD-98097		SRR5469577	factor	organism part	root meristem	http://purl.obolibrary.org/obo/PO_0006085
E-GEOD-98097		SRR5469577	factor	sampling site	medial
E-GEOD-98097		SRR5469578	characteristic	cell type	protoplast	http://purl.obolibrary.org/obo/CL_0000371
E-GEOD-98097		SRR5469578	characteristic	developmental stage	seedling development stage	http://purl.obolibrary.org/obo/PO_0007131
E-GEOD-98097		SRR5469578	characteristic	ecotype	Col-0	http://www.ebi.ac.uk/efo/EFO_0005148
E-GEOD-98097		SRR5469578	characteristic	genotype	pPUB25::n3GFP
E-GEOD-98097		SRR5469578	characteristic	organism	Arabidopsis thaliana	http://purl.obolibrary.org/obo/NCBITaxon_3702
E-GEOD-98097		SRR5469578	characteristic	organism part	root meristem	http://purl.obolibrary.org/obo/PO_0006085
E-GEOD-98097		SRR5469578	characteristic	sampling site	medial
E-GEOD-98097		SRR5469578	factor	genotype	pPUB25::n3GFP
E-GEOD-98097		SRR5469578	factor	organism part	root meristem	http://purl.obolibrary.org/obo/PO_0006085
E-GEOD-98097		SRR5469578	factor	sampling site	medial
E-GEOD-98097		SRR5469579	characteristic	cell type	protoplast	http://purl.obolibrary.org/obo/CL_0000371
E-GEOD-98097		SRR5469579	characteristic	developmental stage	seedling development stage	http://purl.obolibrary.org/obo/PO_0007131
E-GEOD-98097		SRR5469579	characteristic	ecotype	Col-0	http://www.ebi.ac.uk/efo/EFO_0005148
E-GEOD-98097		SRR5469579	characteristic	genotype	pPUB25::n3GFP
E-GEOD-98097		SRR5469579	characteristic	organism	Arabidopsis thaliana	http://purl.obolibrary.org/obo/NCBITaxon_3702
E-GEOD-98097		SRR5469579	characteristic	organism part	root meristem	http://purl.obolibrary.org/obo/PO_0006085
E-GEOD-98097		SRR5469579	characteristic	sampling site	distal	http://www.ebi.ac.uk/efo/EFO_0001655
E-GEOD-98097		SRR5469579	factor	genotype	pPUB25::n3GFP
E-GEOD-98097		SRR5469579	factor	organism part	root meristem	http://purl.obolibrary.org/obo/PO_0006085
E-GEOD-98097		SRR5469579	factor	sampling site	distal	http://www.ebi.ac.uk/efo/EFO_0001655
E-GEOD-98097		SRR5469580	characteristic	cell type	protoplast	http://purl.obolibrary.org/obo/CL_0000371
E-GEOD-98097		SRR5469580	characteristic	developmental stage	seedling development stage	http://purl.obolibrary.org/obo/PO_0007131
E-GEOD-98097		SRR5469580	characteristic	ecotype	Col-0	http://www.ebi.ac.uk/efo/EFO_0005148
E-GEOD-98097		SRR5469580	characteristic	genotype	pPUB25::n3GFP
E-GEOD-98097		SRR5469580	characteristic	organism	Arabidopsis thaliana	http://purl.obolibrary.org/obo/NCBITaxon_3702
E-GEOD-98097		SRR5469580	characteristic	organism part	root meristem	http://purl.obolibrary.org/obo/PO_0006085
E-GEOD-98097		SRR5469580	characteristic	sampling site	distal	http://www.ebi.ac.uk/efo/EFO_0001655
E-GEOD-98097		SRR5469580	factor	genotype	pPUB25::n3GFP
E-GEOD-98097		SRR5469580	factor	organism part	root meristem	http://purl.obolibrary.org/obo/PO_0006085
E-GEOD-98097		SRR5469580	factor	sampling site	distal	http://www.ebi.ac.uk/efo/EFO_0001655
E-GEOD-98097		SRR5469581	characteristic	cell type	protoplast	http://purl.obolibrary.org/obo/CL_0000371
E-GEOD-98097		SRR5469581	characteristic	developmental stage	seedling development stage	http://purl.obolibrary.org/obo/PO_0007131
E-GEOD-98097		SRR5469581	characteristic	ecotype	Col-0	http://www.ebi.ac.uk/efo/EFO_0005148
E-GEOD-98097		SRR5469581	characteristic	genotype	pPUB25::n3GFP
E-GEOD-98097		SRR5469581	characteristic	organism	Arabidopsis thaliana	http://purl.obolibrary.org/obo/NCBITaxon_3702
E-GEOD-98097		SRR5469581	characteristic	organism part	root meristem	http://purl.obolibrary.org/obo/PO_0006085
E-GEOD-98097		SRR5469581	characteristic	sampling site	distal	http://www.ebi.ac.uk/efo/EFO_0001655
E-GEOD-98097		SRR5469581	factor	genotype	pPUB25::n3GFP
E-GEOD-98097		SRR5469581	factor	organism part	root meristem	http://purl.obolibrary.org/obo/PO_0006085
E-GEOD-98097		SRR5469581	factor	sampling site	distal	http://www.ebi.ac.uk/efo/EFO_0001655
E-GEOD-98097		SRR5469582	characteristic	cell type	protoplast	http://purl.obolibrary.org/obo/CL_0000371
E-GEOD-98097		SRR5469582	characteristic	developmental stage	seedling development stage	http://purl.obolibrary.org/obo/PO_0007131
E-GEOD-98097		SRR5469582	characteristic	ecotype	Col-0	http://www.ebi.ac.uk/efo/EFO_0005148
E-GEOD-98097		SRR5469582	characteristic	genotype	pSPT::n3GFP
E-GEOD-98097		SRR5469582	characteristic	organism	Arabidopsis thaliana	http://purl.obolibrary.org/obo/NCBITaxon_3702
E-GEOD-98097		SRR5469582	characteristic	organism part	root meristem	http://purl.obolibrary.org/obo/PO_0006085
E-GEOD-98097		SRR5469582	characteristic	sampling site	proximal	http://www.ebi.ac.uk/efo/EFO_0001661
E-GEOD-98097		SRR5469582	factor	genotype	pSPT::n3GFP
E-GEOD-98097		SRR5469582	factor	organism part	root meristem	http://purl.obolibrary.org/obo/PO_0006085
E-GEOD-98097		SRR5469582	factor	sampling site	proximal	http://www.ebi.ac.uk/efo/EFO_0001661
E-GEOD-98097		SRR5469583	characteristic	cell type	protoplast	http://purl.obolibrary.org/obo/CL_0000371
E-GEOD-98097		SRR5469583	characteristic	developmental stage	seedling development stage	http://purl.obolibrary.org/obo/PO_0007131
E-GEOD-98097		SRR5469583	characteristic	ecotype	Col-0	http://www.ebi.ac.uk/efo/EFO_0005148
E-GEOD-98097		SRR5469583	characteristic	genotype	pSPT::n3GFP
E-GEOD-98097		SRR5469583	characteristic	organism	Arabidopsis thaliana	http://purl.obolibrary.org/obo/NCBITaxon_3702
E-GEOD-98097		SRR5469583	characteristic	organism part	root meristem	http://purl.obolibrary.org/obo/PO_0006085
E-GEOD-98097		SRR5469583	characteristic	sampling site	proximal	http://www.ebi.ac.uk/efo/EFO_0001661
E-GEOD-98097		SRR5469583	factor	genotype	pSPT::n3GFP
E-GEOD-98097		SRR5469583	factor	organism part	root meristem	http://purl.obolibrary.org/obo/PO_0006085
E-GEOD-98097		SRR5469583	factor	sampling site	proximal	http://www.ebi.ac.uk/efo/EFO_0001661
E-GEOD-98097		SRR5469584	characteristic	cell type	protoplast	http://purl.obolibrary.org/obo/CL_0000371
E-GEOD-98097		SRR5469584	characteristic	developmental stage	seedling development stage	http://purl.obolibrary.org/obo/PO_0007131
E-GEOD-98097		SRR5469584	characteristic	ecotype	Col-0	http://www.ebi.ac.uk/efo/EFO_0005148
E-GEOD-98097		SRR5469584	characteristic	genotype	pSPT::n3GFP
E-GEOD-98097		SRR5469584	characteristic	organism	Arabidopsis thaliana	http://purl.obolibrary.org/obo/NCBITaxon_3702
E-GEOD-98097		SRR5469584	characteristic	organism part	root meristem	http://purl.obolibrary.org/obo/PO_0006085
E-GEOD-98097		SRR5469584	characteristic	sampling site	proximal	http://www.ebi.ac.uk/efo/EFO_0001661
E-GEOD-98097		SRR5469584	factor	genotype	pSPT::n3GFP
E-GEOD-98097		SRR5469584	factor	organism part	root meristem	http://purl.obolibrary.org/obo/PO_0006085
E-GEOD-98097		SRR5469584	factor	sampling site	proximal	http://www.ebi.ac.uk/efo/EFO_0001661
E-GEOD-98097		SRR5469585	characteristic	cell type	protoplast	http://purl.obolibrary.org/obo/CL_0000371
E-GEOD-98097		SRR5469585	characteristic	developmental stage	seedling development stage	http://purl.obolibrary.org/obo/PO_0007131
E-GEOD-98097		SRR5469585	characteristic	ecotype	Col-0	http://www.ebi.ac.uk/efo/EFO_0005148
E-GEOD-98097		SRR5469585	characteristic	genotype	pSPT::n3GFP
E-GEOD-98097		SRR5469585	characteristic	organism	Arabidopsis thaliana	http://purl.obolibrary.org/obo/NCBITaxon_3702
E-GEOD-98097		SRR5469585	characteristic	organism part	root meristem	http://purl.obolibrary.org/obo/PO_0006085
E-GEOD-98097		SRR5469585	characteristic	sampling site	medial
E-GEOD-98097		SRR5469585	factor	genotype	pSPT::n3GFP
E-GEOD-98097		SRR5469585	factor	organism part	root meristem	http://purl.obolibrary.org/obo/PO_0006085
E-GEOD-98097		SRR5469585	factor	sampling site	medial
E-GEOD-98097		SRR5469586	characteristic	cell type	protoplast	http://purl.obolibrary.org/obo/CL_0000371
E-GEOD-98097		SRR5469586	characteristic	developmental stage	seedling development stage	http://purl.obolibrary.org/obo/PO_0007131
E-GEOD-98097		SRR5469586	characteristic	ecotype	Col-0	http://www.ebi.ac.uk/efo/EFO_0005148
E-GEOD-98097		SRR5469586	characteristic	genotype	pSPT::n3GFP
E-GEOD-98097		SRR5469586	characteristic	organism	Arabidopsis thaliana	http://purl.obolibrary.org/obo/NCBITaxon_3702
E-GEOD-98097		SRR5469586	characteristic	organism part	root meristem	http://purl.obolibrary.org/obo/PO_0006085
E-GEOD-98097		SRR5469586	characteristic	sampling site	medial
E-GEOD-98097		SRR5469586	factor	genotype	pSPT::n3GFP
E-GEOD-98097		SRR5469586	factor	organism part	root meristem	http://purl.obolibrary.org/obo/PO_0006085
E-GEOD-98097		SRR5469586	factor	sampling site	medial
E-GEOD-98097		SRR5469587	characteristic	cell type	protoplast	http://purl.obolibrary.org/obo/CL_0000371
E-GEOD-98097		SRR5469587	characteristic	developmental stage	seedling development stage	http://purl.obolibrary.org/obo/PO_0007131
E-GEOD-98097		SRR5469587	characteristic	ecotype	Col-0	http://www.ebi.ac.uk/efo/EFO_0005148
E-GEOD-98097		SRR5469587	characteristic	genotype	pSPT::n3GFP
E-GEOD-98097		SRR5469587	characteristic	organism	Arabidopsis thaliana	http://purl.obolibrary.org/obo/NCBITaxon_3702
E-GEOD-98097		SRR5469587	characteristic	organism part	root meristem	http://purl.obolibrary.org/obo/PO_0006085
E-GEOD-98097		SRR5469587	characteristic	sampling site	medial
E-GEOD-98097		SRR5469587	factor	genotype	pSPT::n3GFP
E-GEOD-98097		SRR5469587	factor	organism part	root meristem	http://purl.obolibrary.org/obo/PO_0006085
E-GEOD-98097		SRR5469587	factor	sampling site	medial
E-GEOD-98097		SRR5469588	characteristic	cell type	protoplast	http://purl.obolibrary.org/obo/CL_0000371
E-GEOD-98097		SRR5469588	characteristic	developmental stage	seedling development stage	http://purl.obolibrary.org/obo/PO_0007131
E-GEOD-98097		SRR5469588	characteristic	ecotype	Col-0	http://www.ebi.ac.uk/efo/EFO_0005148
E-GEOD-98097		SRR5469588	characteristic	genotype	pSPT::n3GFP
E-GEOD-98097		SRR5469588	characteristic	organism	Arabidopsis thaliana	http://purl.obolibrary.org/obo/NCBITaxon_3702
E-GEOD-98097		SRR5469588	characteristic	organism part	root meristem	http://purl.obolibrary.org/obo/PO_0006085
E-GEOD-98097		SRR5469588	characteristic	sampling site	distal	http://www.ebi.ac.uk/efo/EFO_0001655
E-GEOD-98097		SRR5469588	factor	genotype	pSPT::n3GFP
E-GEOD-98097		SRR5469588	factor	organism part	root meristem	http://purl.obolibrary.org/obo/PO_0006085
E-GEOD-98097		SRR5469588	factor	sampling site	distal	http://www.ebi.ac.uk/efo/EFO_0001655
E-GEOD-98097		SRR5469589	characteristic	cell type	protoplast	http://purl.obolibrary.org/obo/CL_0000371
E-GEOD-98097		SRR5469589	characteristic	developmental stage	seedling development stage	http://purl.obolibrary.org/obo/PO_0007131
E-GEOD-98097		SRR5469589	characteristic	ecotype	Col-0	http://www.ebi.ac.uk/efo/EFO_0005148
E-GEOD-98097		SRR5469589	characteristic	genotype	pSPT::n3GFP
E-GEOD-98097		SRR5469589	characteristic	organism	Arabidopsis thaliana	http://purl.obolibrary.org/obo/NCBITaxon_3702
E-GEOD-98097		SRR5469589	characteristic	organism part	root meristem	http://purl.obolibrary.org/obo/PO_0006085
E-GEOD-98097		SRR5469589	characteristic	sampling site	distal	http://www.ebi.ac.uk/efo/EFO_0001655
E-GEOD-98097		SRR5469589	factor	genotype	pSPT::n3GFP
E-GEOD-98097		SRR5469589	factor	organism part	root meristem	http://purl.obolibrary.org/obo/PO_0006085
E-GEOD-98097		SRR5469589	factor	sampling site	distal	http://www.ebi.ac.uk/efo/EFO_0001655
E-GEOD-98097		SRR5469590	characteristic	cell type	protoplast	http://purl.obolibrary.org/obo/CL_0000371
E-GEOD-98097		SRR5469590	characteristic	developmental stage	seedling development stage	http://purl.obolibrary.org/obo/PO_0007131
E-GEOD-98097		SRR5469590	characteristic	ecotype	Col-0	http://www.ebi.ac.uk/efo/EFO_0005148
E-GEOD-98097		SRR5469590	characteristic	genotype	pSPT::n3GFP
E-GEOD-98097		SRR5469590	characteristic	organism	Arabidopsis thaliana	http://purl.obolibrary.org/obo/NCBITaxon_3702
E-GEOD-98097		SRR5469590	characteristic	organism part	root meristem	http://purl.obolibrary.org/obo/PO_0006085
E-GEOD-98097		SRR5469590	characteristic	sampling site	distal	http://www.ebi.ac.uk/efo/EFO_0001655
E-GEOD-98097		SRR5469590	factor	genotype	pSPT::n3GFP
E-GEOD-98097		SRR5469590	factor	organism part	root meristem	http://purl.obolibrary.org/obo/PO_0006085
E-GEOD-98097		SRR5469590	factor	sampling site	distal	http://www.ebi.ac.uk/efo/EFO_0001655
E-GEOD-98097		SRR5469591	characteristic	cell type	protoplast	http://purl.obolibrary.org/obo/CL_0000371
E-GEOD-98097		SRR5469591	characteristic	developmental stage	seedling development stage	http://purl.obolibrary.org/obo/PO_0007131
E-GEOD-98097		SRR5469591	characteristic	ecotype	Col-0	http://www.ebi.ac.uk/efo/EFO_0005148
E-GEOD-98097		SRR5469591	characteristic	genotype	pTMO5::n3GFP; pTMO5::TMO5:3xGFP
E-GEOD-98097		SRR5469591	characteristic	organism	Arabidopsis thaliana	http://purl.obolibrary.org/obo/NCBITaxon_3702
E-GEOD-98097		SRR5469591	characteristic	organism part	root meristem xylem
E-GEOD-98097		SRR5469591	characteristic	sampling site	proximal	http://www.ebi.ac.uk/efo/EFO_0001661
E-GEOD-98097		SRR5469591	factor	genotype	pTMO5::n3GFP; pTMO5::TMO5:3xGFP
E-GEOD-98097		SRR5469591	factor	organism part	root meristem xylem
E-GEOD-98097		SRR5469591	factor	sampling site	proximal	http://www.ebi.ac.uk/efo/EFO_0001661
E-GEOD-98097		SRR5469592	characteristic	cell type	protoplast	http://purl.obolibrary.org/obo/CL_0000371
E-GEOD-98097		SRR5469592	characteristic	developmental stage	seedling development stage	http://purl.obolibrary.org/obo/PO_0007131
E-GEOD-98097		SRR5469592	characteristic	ecotype	Col-0	http://www.ebi.ac.uk/efo/EFO_0005148
E-GEOD-98097		SRR5469592	characteristic	genotype	pTMO5::n3GFP; pTMO5::TMO5:3xGFP
E-GEOD-98097		SRR5469592	characteristic	organism	Arabidopsis thaliana	http://purl.obolibrary.org/obo/NCBITaxon_3702
E-GEOD-98097		SRR5469592	characteristic	organism part	root meristem xylem
E-GEOD-98097		SRR5469592	characteristic	sampling site	proximal	http://www.ebi.ac.uk/efo/EFO_0001661
E-GEOD-98097		SRR5469592	factor	genotype	pTMO5::n3GFP; pTMO5::TMO5:3xGFP
E-GEOD-98097		SRR5469592	factor	organism part	root meristem xylem
E-GEOD-98097		SRR5469592	factor	sampling site	proximal	http://www.ebi.ac.uk/efo/EFO_0001661
E-GEOD-98097		SRR5469593	characteristic	cell type	protoplast	http://purl.obolibrary.org/obo/CL_0000371
E-GEOD-98097		SRR5469593	characteristic	developmental stage	seedling development stage	http://purl.obolibrary.org/obo/PO_0007131
E-GEOD-98097		SRR5469593	characteristic	ecotype	Col-0	http://www.ebi.ac.uk/efo/EFO_0005148
E-GEOD-98097		SRR5469593	characteristic	genotype	pTMO5::n3GFP; pTMO5::TMO5:3xGFP
E-GEOD-98097		SRR5469593	characteristic	organism	Arabidopsis thaliana	http://purl.obolibrary.org/obo/NCBITaxon_3702
E-GEOD-98097		SRR5469593	characteristic	organism part	root meristem xylem
E-GEOD-98097		SRR5469593	characteristic	sampling site	medial
E-GEOD-98097		SRR5469593	factor	genotype	pTMO5::n3GFP; pTMO5::TMO5:3xGFP
E-GEOD-98097		SRR5469593	factor	organism part	root meristem xylem
E-GEOD-98097		SRR5469593	factor	sampling site	medial
E-GEOD-98097		SRR5469594	characteristic	cell type	protoplast	http://purl.obolibrary.org/obo/CL_0000371
E-GEOD-98097		SRR5469594	characteristic	developmental stage	seedling development stage	http://purl.obolibrary.org/obo/PO_0007131
E-GEOD-98097		SRR5469594	characteristic	ecotype	Col-0	http://www.ebi.ac.uk/efo/EFO_0005148
E-GEOD-98097		SRR5469594	characteristic	genotype	pTMO5::n3GFP; pTMO5::TMO5:3xGFP
E-GEOD-98097		SRR5469594	characteristic	organism	Arabidopsis thaliana	http://purl.obolibrary.org/obo/NCBITaxon_3702
E-GEOD-98097		SRR5469594	characteristic	organism part	root meristem xylem
E-GEOD-98097		SRR5469594	characteristic	sampling site	medial
E-GEOD-98097		SRR5469594	factor	genotype	pTMO5::n3GFP; pTMO5::TMO5:3xGFP
E-GEOD-98097		SRR5469594	factor	organism part	root meristem xylem
E-GEOD-98097		SRR5469594	factor	sampling site	medial
E-GEOD-98097		SRR5469595	characteristic	cell type	protoplast	http://purl.obolibrary.org/obo/CL_0000371
E-GEOD-98097		SRR5469595	characteristic	developmental stage	seedling development stage	http://purl.obolibrary.org/obo/PO_0007131
E-GEOD-98097		SRR5469595	characteristic	ecotype	Col-0	http://www.ebi.ac.uk/efo/EFO_0005148
E-GEOD-98097		SRR5469595	characteristic	genotype	pTMO5::n3GFP; pTMO5::TMO5:3xGFP
E-GEOD-98097		SRR5469595	characteristic	organism	Arabidopsis thaliana	http://purl.obolibrary.org/obo/NCBITaxon_3702
E-GEOD-98097		SRR5469595	characteristic	organism part	root meristem xylem
E-GEOD-98097		SRR5469595	characteristic	sampling site	distal	http://www.ebi.ac.uk/efo/EFO_0001655
E-GEOD-98097		SRR5469595	factor	genotype	pTMO5::n3GFP; pTMO5::TMO5:3xGFP
E-GEOD-98097		SRR5469595	factor	organism part	root meristem xylem
E-GEOD-98097		SRR5469595	factor	sampling site	distal	http://www.ebi.ac.uk/efo/EFO_0001655
E-GEOD-98097		SRR5469596	characteristic	cell type	protoplast	http://purl.obolibrary.org/obo/CL_0000371
E-GEOD-98097		SRR5469596	characteristic	developmental stage	seedling development stage	http://purl.obolibrary.org/obo/PO_0007131
E-GEOD-98097		SRR5469596	characteristic	ecotype	Col-0	http://www.ebi.ac.uk/efo/EFO_0005148
E-GEOD-98097		SRR5469596	characteristic	genotype	pTMO5::n3GFP; pTMO5::TMO5:3xGFP
E-GEOD-98097		SRR5469596	characteristic	organism	Arabidopsis thaliana	http://purl.obolibrary.org/obo/NCBITaxon_3702
E-GEOD-98097		SRR5469596	characteristic	organism part	root meristem xylem
E-GEOD-98097		SRR5469596	characteristic	sampling site	distal	http://www.ebi.ac.uk/efo/EFO_0001655
E-GEOD-98097		SRR5469596	factor	genotype	pTMO5::n3GFP; pTMO5::TMO5:3xGFP
E-GEOD-98097		SRR5469596	factor	organism part	root meristem xylem
E-GEOD-98097		SRR5469596	factor	sampling site	distal	http://www.ebi.ac.uk/efo/EFO_0001655
