<?xml version="1.0" encoding="UTF-8"?>

<configuration experimentType="rnaseq_mrna_baseline" r_data="1">
    <analytics>
        <assay_groups>
            <assay_group id="g1" label="C24 ecotype">
                <assay>SRR1617519</assay>
                <assay>SRR1617521</assay>
                <assay>SRR1617520</assay>
            </assay_group>
            <assay_group id="g2" label="C24 ecotype x Col-0">
                <assay>SRR1617526</assay>
                <assay>SRR1617527</assay>
                <assay>SRR1617525</assay>
            </assay_group>
            <assay_group id="g3" label="Col-0">
                <assay>SRR1617518</assay>
                <assay>SRR1617517</assay>
                <assay>SRR1617516</assay>
            </assay_group>
            <assay_group id="g4" label="Col-0 x C24 ecotype">
                <assay>SRR1617523</assay>
                <assay>SRR1617522</assay>
                <assay>SRR1617524</assay>
            </assay_group>
        </assay_groups>
    </analytics>
</configuration>
