E-GEOD-62478		SRR1617516	characteristic	age	2 week
E-GEOD-62478		SRR1617516	characteristic	developmental stage	seedling developmental stage	http://purl.obolibrary.org/obo/PO_0007131
E-GEOD-62478		SRR1617516	characteristic	ecotype	Col-0	http://www.ebi.ac.uk/efo/EFO_0005148
E-GEOD-62478		SRR1617516	characteristic	growth condition	short day length regimen	http://purl.obolibrary.org/obo/EO_0007200
E-GEOD-62478		SRR1617516	characteristic	organism	Arabidopsis thaliana	http://purl.obolibrary.org/obo/NCBITaxon_3702
E-GEOD-62478		SRR1617516	characteristic	organism part	shoot	http://purl.obolibrary.org/obo/PO_0009006
E-GEOD-62478		SRR1617516	factor	ecotype	Col-0	http://www.ebi.ac.uk/efo/EFO_0005148
E-GEOD-62478		SRR1617517	characteristic	age	2 week
E-GEOD-62478		SRR1617517	characteristic	developmental stage	seedling developmental stage	http://purl.obolibrary.org/obo/PO_0007131
E-GEOD-62478		SRR1617517	characteristic	ecotype	Col-0	http://www.ebi.ac.uk/efo/EFO_0005148
E-GEOD-62478		SRR1617517	characteristic	growth condition	short day length regimen	http://purl.obolibrary.org/obo/EO_0007200
E-GEOD-62478		SRR1617517	characteristic	organism	Arabidopsis thaliana	http://purl.obolibrary.org/obo/NCBITaxon_3702
E-GEOD-62478		SRR1617517	characteristic	organism part	shoot	http://purl.obolibrary.org/obo/PO_0009006
E-GEOD-62478		SRR1617517	factor	ecotype	Col-0	http://www.ebi.ac.uk/efo/EFO_0005148
E-GEOD-62478		SRR1617518	characteristic	age	2 week
E-GEOD-62478		SRR1617518	characteristic	developmental stage	seedling developmental stage	http://purl.obolibrary.org/obo/PO_0007131
E-GEOD-62478		SRR1617518	characteristic	ecotype	Col-0	http://www.ebi.ac.uk/efo/EFO_0005148
E-GEOD-62478		SRR1617518	characteristic	growth condition	short day length regimen	http://purl.obolibrary.org/obo/EO_0007200
E-GEOD-62478		SRR1617518	characteristic	organism	Arabidopsis thaliana	http://purl.obolibrary.org/obo/NCBITaxon_3702
E-GEOD-62478		SRR1617518	characteristic	organism part	shoot	http://purl.obolibrary.org/obo/PO_0009006
E-GEOD-62478		SRR1617518	factor	ecotype	Col-0	http://www.ebi.ac.uk/efo/EFO_0005148
E-GEOD-62478		SRR1617519	characteristic	age	2 week
E-GEOD-62478		SRR1617519	characteristic	developmental stage	seedling developmental stage	http://purl.obolibrary.org/obo/PO_0007131
E-GEOD-62478		SRR1617519	characteristic	ecotype	C24 ecotype	http://www.ebi.ac.uk/efo/EFO_0006987
E-GEOD-62478		SRR1617519	characteristic	growth condition	short day length regimen	http://purl.obolibrary.org/obo/EO_0007200
E-GEOD-62478		SRR1617519	characteristic	organism	Arabidopsis thaliana	http://purl.obolibrary.org/obo/NCBITaxon_3702
E-GEOD-62478		SRR1617519	characteristic	organism part	shoot	http://purl.obolibrary.org/obo/PO_0009006
E-GEOD-62478		SRR1617519	factor	ecotype	C24 ecotype	http://www.ebi.ac.uk/efo/EFO_0006987
E-GEOD-62478		SRR1617520	characteristic	age	2 week
E-GEOD-62478		SRR1617520	characteristic	developmental stage	seedling developmental stage	http://purl.obolibrary.org/obo/PO_0007131
E-GEOD-62478		SRR1617520	characteristic	ecotype	C24 ecotype	http://www.ebi.ac.uk/efo/EFO_0006987
E-GEOD-62478		SRR1617520	characteristic	growth condition	short day length regimen	http://purl.obolibrary.org/obo/EO_0007200
E-GEOD-62478		SRR1617520	characteristic	organism	Arabidopsis thaliana	http://purl.obolibrary.org/obo/NCBITaxon_3702
E-GEOD-62478		SRR1617520	characteristic	organism part	shoot	http://purl.obolibrary.org/obo/PO_0009006
E-GEOD-62478		SRR1617520	factor	ecotype	C24 ecotype	http://www.ebi.ac.uk/efo/EFO_0006987
E-GEOD-62478		SRR1617521	characteristic	age	2 week
E-GEOD-62478		SRR1617521	characteristic	developmental stage	seedling developmental stage	http://purl.obolibrary.org/obo/PO_0007131
E-GEOD-62478		SRR1617521	characteristic	ecotype	C24 ecotype	http://www.ebi.ac.uk/efo/EFO_0006987
E-GEOD-62478		SRR1617521	characteristic	growth condition	short day length regimen	http://purl.obolibrary.org/obo/EO_0007200
E-GEOD-62478		SRR1617521	characteristic	organism	Arabidopsis thaliana	http://purl.obolibrary.org/obo/NCBITaxon_3702
E-GEOD-62478		SRR1617521	characteristic	organism part	shoot	http://purl.obolibrary.org/obo/PO_0009006
E-GEOD-62478		SRR1617521	factor	ecotype	C24 ecotype	http://www.ebi.ac.uk/efo/EFO_0006987
E-GEOD-62478		SRR1617522	characteristic	age	2 week
E-GEOD-62478		SRR1617522	characteristic	developmental stage	seedling developmental stage	http://purl.obolibrary.org/obo/PO_0007131
E-GEOD-62478		SRR1617522	characteristic	ecotype	Col-0 x C24 ecotype
E-GEOD-62478		SRR1617522	characteristic	growth condition	short day length regimen	http://purl.obolibrary.org/obo/EO_0007200
E-GEOD-62478		SRR1617522	characteristic	organism	Arabidopsis thaliana	http://purl.obolibrary.org/obo/NCBITaxon_3702
E-GEOD-62478		SRR1617522	characteristic	organism part	shoot	http://purl.obolibrary.org/obo/PO_0009006
E-GEOD-62478		SRR1617522	factor	ecotype	Col-0 x C24 ecotype
E-GEOD-62478		SRR1617523	characteristic	age	2 week
E-GEOD-62478		SRR1617523	characteristic	developmental stage	seedling developmental stage	http://purl.obolibrary.org/obo/PO_0007131
E-GEOD-62478		SRR1617523	characteristic	ecotype	Col-0 x C24 ecotype
E-GEOD-62478		SRR1617523	characteristic	growth condition	short day length regimen	http://purl.obolibrary.org/obo/EO_0007200
E-GEOD-62478		SRR1617523	characteristic	organism	Arabidopsis thaliana	http://purl.obolibrary.org/obo/NCBITaxon_3702
E-GEOD-62478		SRR1617523	characteristic	organism part	shoot	http://purl.obolibrary.org/obo/PO_0009006
E-GEOD-62478		SRR1617523	factor	ecotype	Col-0 x C24 ecotype
E-GEOD-62478		SRR1617524	characteristic	age	2 week
E-GEOD-62478		SRR1617524	characteristic	developmental stage	seedling developmental stage	http://purl.obolibrary.org/obo/PO_0007131
E-GEOD-62478		SRR1617524	characteristic	ecotype	Col-0 x C24 ecotype
E-GEOD-62478		SRR1617524	characteristic	growth condition	short day length regimen	http://purl.obolibrary.org/obo/EO_0007200
E-GEOD-62478		SRR1617524	characteristic	organism	Arabidopsis thaliana	http://purl.obolibrary.org/obo/NCBITaxon_3702
E-GEOD-62478		SRR1617524	characteristic	organism part	shoot	http://purl.obolibrary.org/obo/PO_0009006
E-GEOD-62478		SRR1617524	factor	ecotype	Col-0 x C24 ecotype
E-GEOD-62478		SRR1617525	characteristic	age	2 week
E-GEOD-62478		SRR1617525	characteristic	developmental stage	seedling developmental stage	http://purl.obolibrary.org/obo/PO_0007131
E-GEOD-62478		SRR1617525	characteristic	ecotype	C24 ecotype x Col-0
E-GEOD-62478		SRR1617525	characteristic	growth condition	short day length regimen	http://purl.obolibrary.org/obo/EO_0007200
E-GEOD-62478		SRR1617525	characteristic	organism	Arabidopsis thaliana	http://purl.obolibrary.org/obo/NCBITaxon_3702
E-GEOD-62478		SRR1617525	characteristic	organism part	shoot	http://purl.obolibrary.org/obo/PO_0009006
E-GEOD-62478		SRR1617525	factor	ecotype	C24 ecotype x Col-0
E-GEOD-62478		SRR1617526	characteristic	age	2 week
E-GEOD-62478		SRR1617526	characteristic	developmental stage	seedling developmental stage	http://purl.obolibrary.org/obo/PO_0007131
E-GEOD-62478		SRR1617526	characteristic	ecotype	C24 ecotype x Col-0
E-GEOD-62478		SRR1617526	characteristic	growth condition	short day length regimen	http://purl.obolibrary.org/obo/EO_0007200
E-GEOD-62478		SRR1617526	characteristic	organism	Arabidopsis thaliana	http://purl.obolibrary.org/obo/NCBITaxon_3702
E-GEOD-62478		SRR1617526	characteristic	organism part	shoot	http://purl.obolibrary.org/obo/PO_0009006
E-GEOD-62478		SRR1617526	factor	ecotype	C24 ecotype x Col-0
E-GEOD-62478		SRR1617527	characteristic	age	2 week
E-GEOD-62478		SRR1617527	characteristic	developmental stage	seedling developmental stage	http://purl.obolibrary.org/obo/PO_0007131
E-GEOD-62478		SRR1617527	characteristic	ecotype	C24 ecotype x Col-0
E-GEOD-62478		SRR1617527	characteristic	growth condition	short day length regimen	http://purl.obolibrary.org/obo/EO_0007200
E-GEOD-62478		SRR1617527	characteristic	organism	Arabidopsis thaliana	http://purl.obolibrary.org/obo/NCBITaxon_3702
E-GEOD-62478		SRR1617527	characteristic	organism part	shoot	http://purl.obolibrary.org/obo/PO_0009006
E-GEOD-62478		SRR1617527	factor	ecotype	C24 ecotype x Col-0
