E-GEOD-55482		SRR1179956	characteristic	developmental stage	LP.04 four leaves visible stage	http://purl.obolibrary.org/obo/PO_0007115
E-GEOD-55482		SRR1179956	characteristic	ecotype	Bur-0 x Col-0
E-GEOD-55482		SRR1179956	characteristic	generation	F1
E-GEOD-55482		SRR1179956	characteristic	organism	Arabidopsis thaliana	http://purl.obolibrary.org/obo/NCBITaxon_3702
E-GEOD-55482		SRR1179956	characteristic	organism part	aerial part	http://www.ebi.ac.uk/efo/EFO_0001901
E-GEOD-55482		SRR1179956	factor	ecotype	Bur-0 x Col-0
E-GEOD-55482		SRR1179957	characteristic	developmental stage	LP.04 four leaves visible stage	http://purl.obolibrary.org/obo/PO_0007115
E-GEOD-55482		SRR1179957	characteristic	ecotype	Bur-0 x Col-0
E-GEOD-55482		SRR1179957	characteristic	generation	F1
E-GEOD-55482		SRR1179957	characteristic	organism	Arabidopsis thaliana	http://purl.obolibrary.org/obo/NCBITaxon_3702
E-GEOD-55482		SRR1179957	characteristic	organism part	aerial part	http://www.ebi.ac.uk/efo/EFO_0001901
E-GEOD-55482		SRR1179957	factor	ecotype	Bur-0 x Col-0
E-GEOD-55482		SRR1179958	characteristic	developmental stage	LP.04 four leaves visible stage	http://purl.obolibrary.org/obo/PO_0007115
E-GEOD-55482		SRR1179958	characteristic	ecotype	Bur-0 x Col-0
E-GEOD-55482		SRR1179958	characteristic	generation	F1
E-GEOD-55482		SRR1179958	characteristic	organism	Arabidopsis thaliana	http://purl.obolibrary.org/obo/NCBITaxon_3702
E-GEOD-55482		SRR1179958	characteristic	organism part	aerial part	http://www.ebi.ac.uk/efo/EFO_0001901
E-GEOD-55482		SRR1179958	factor	ecotype	Bur-0 x Col-0
E-GEOD-55482		SRR1179959	characteristic	developmental stage	LP.04 four leaves visible stage	http://purl.obolibrary.org/obo/PO_0007115
E-GEOD-55482		SRR1179959	characteristic	ecotype	Bur-0 x Col-0
E-GEOD-55482		SRR1179959	characteristic	generation	F1
E-GEOD-55482		SRR1179959	characteristic	organism	Arabidopsis thaliana	http://purl.obolibrary.org/obo/NCBITaxon_3702
E-GEOD-55482		SRR1179959	characteristic	organism part	aerial part	http://www.ebi.ac.uk/efo/EFO_0001901
E-GEOD-55482		SRR1179959	factor	ecotype	Bur-0 x Col-0
E-GEOD-55482		SRR1179960	characteristic	developmental stage	LP.04 four leaves visible stage	http://purl.obolibrary.org/obo/PO_0007115
E-GEOD-55482		SRR1179960	characteristic	ecotype	Bur-0 x Col-0
E-GEOD-55482		SRR1179960	characteristic	generation	F1
E-GEOD-55482		SRR1179960	characteristic	organism	Arabidopsis thaliana	http://purl.obolibrary.org/obo/NCBITaxon_3702
E-GEOD-55482		SRR1179960	characteristic	organism part	aerial part	http://www.ebi.ac.uk/efo/EFO_0001901
E-GEOD-55482		SRR1179960	factor	ecotype	Bur-0 x Col-0
E-GEOD-55482		SRR1179961	characteristic	developmental stage	LP.04 four leaves visible stage	http://purl.obolibrary.org/obo/PO_0007115
E-GEOD-55482		SRR1179961	characteristic	ecotype	Bur-0 x Col-0
E-GEOD-55482		SRR1179961	characteristic	generation	F1
E-GEOD-55482		SRR1179961	characteristic	organism	Arabidopsis thaliana	http://purl.obolibrary.org/obo/NCBITaxon_3702
E-GEOD-55482		SRR1179961	characteristic	organism part	aerial part	http://www.ebi.ac.uk/efo/EFO_0001901
E-GEOD-55482		SRR1179961	factor	ecotype	Bur-0 x Col-0
E-GEOD-55482		SRR1179962	characteristic	developmental stage	LP.04 four leaves visible stage	http://purl.obolibrary.org/obo/PO_0007115
E-GEOD-55482		SRR1179962	characteristic	ecotype	Hi-0 x Ct-1
E-GEOD-55482		SRR1179962	characteristic	generation	F1
E-GEOD-55482		SRR1179962	characteristic	organism	Arabidopsis thaliana	http://purl.obolibrary.org/obo/NCBITaxon_3702
E-GEOD-55482		SRR1179962	characteristic	organism part	aerial part	http://www.ebi.ac.uk/efo/EFO_0001901
E-GEOD-55482		SRR1179962	factor	ecotype	Hi-0 x Ct-1
E-GEOD-55482		SRR1179963	characteristic	developmental stage	LP.04 four leaves visible stage	http://purl.obolibrary.org/obo/PO_0007115
E-GEOD-55482		SRR1179963	characteristic	ecotype	Hi-0 x Ct-1
E-GEOD-55482		SRR1179963	characteristic	generation	F1
E-GEOD-55482		SRR1179963	characteristic	organism	Arabidopsis thaliana	http://purl.obolibrary.org/obo/NCBITaxon_3702
E-GEOD-55482		SRR1179963	characteristic	organism part	aerial part	http://www.ebi.ac.uk/efo/EFO_0001901
E-GEOD-55482		SRR1179963	factor	ecotype	Hi-0 x Ct-1
E-GEOD-55482		SRR1179964	characteristic	developmental stage	LP.04 four leaves visible stage	http://purl.obolibrary.org/obo/PO_0007115
E-GEOD-55482		SRR1179964	characteristic	ecotype	Hi-0 x Ct-1
E-GEOD-55482		SRR1179964	characteristic	generation	F1
E-GEOD-55482		SRR1179964	characteristic	organism	Arabidopsis thaliana	http://purl.obolibrary.org/obo/NCBITaxon_3702
E-GEOD-55482		SRR1179964	characteristic	organism part	aerial part	http://www.ebi.ac.uk/efo/EFO_0001901
E-GEOD-55482		SRR1179964	factor	ecotype	Hi-0 x Ct-1
E-GEOD-55482		SRR1179965	characteristic	developmental stage	LP.04 four leaves visible stage	http://purl.obolibrary.org/obo/PO_0007115
E-GEOD-55482		SRR1179965	characteristic	ecotype	Hi-0 x Ct-1
E-GEOD-55482		SRR1179965	characteristic	generation	F1
E-GEOD-55482		SRR1179965	characteristic	organism	Arabidopsis thaliana	http://purl.obolibrary.org/obo/NCBITaxon_3702
E-GEOD-55482		SRR1179965	characteristic	organism part	aerial part	http://www.ebi.ac.uk/efo/EFO_0001901
E-GEOD-55482		SRR1179965	factor	ecotype	Hi-0 x Ct-1
E-GEOD-55482		SRR1179966	characteristic	developmental stage	LP.04 four leaves visible stage	http://purl.obolibrary.org/obo/PO_0007115
E-GEOD-55482		SRR1179966	characteristic	ecotype	Hi-0 x Ct-1
E-GEOD-55482		SRR1179966	characteristic	generation	F1
E-GEOD-55482		SRR1179966	characteristic	organism	Arabidopsis thaliana	http://purl.obolibrary.org/obo/NCBITaxon_3702
E-GEOD-55482		SRR1179966	characteristic	organism part	aerial part	http://www.ebi.ac.uk/efo/EFO_0001901
E-GEOD-55482		SRR1179966	factor	ecotype	Hi-0 x Ct-1
E-GEOD-55482		SRR1179967	characteristic	developmental stage	LP.04 four leaves visible stage	http://purl.obolibrary.org/obo/PO_0007115
E-GEOD-55482		SRR1179967	characteristic	ecotype	Hi-0 x Ct-1
E-GEOD-55482		SRR1179967	characteristic	generation	F1
E-GEOD-55482		SRR1179967	characteristic	organism	Arabidopsis thaliana	http://purl.obolibrary.org/obo/NCBITaxon_3702
E-GEOD-55482		SRR1179967	characteristic	organism part	aerial part	http://www.ebi.ac.uk/efo/EFO_0001901
E-GEOD-55482		SRR1179967	factor	ecotype	Hi-0 x Ct-1
E-GEOD-55482		SRR1179968	characteristic	developmental stage	LP.04 four leaves visible stage	http://purl.obolibrary.org/obo/PO_0007115
E-GEOD-55482		SRR1179968	characteristic	ecotype	Ler-0 x Kn-0
E-GEOD-55482		SRR1179968	characteristic	generation	F1
E-GEOD-55482		SRR1179968	characteristic	organism	Arabidopsis thaliana	http://purl.obolibrary.org/obo/NCBITaxon_3702
E-GEOD-55482		SRR1179968	characteristic	organism part	aerial part	http://www.ebi.ac.uk/efo/EFO_0001901
E-GEOD-55482		SRR1179968	factor	ecotype	Ler-0 x Kn-0
E-GEOD-55482		SRR1179969	characteristic	developmental stage	LP.04 four leaves visible stage	http://purl.obolibrary.org/obo/PO_0007115
E-GEOD-55482		SRR1179969	characteristic	ecotype	Ler-0 x Kn-0
E-GEOD-55482		SRR1179969	characteristic	generation	F1
E-GEOD-55482		SRR1179969	characteristic	organism	Arabidopsis thaliana	http://purl.obolibrary.org/obo/NCBITaxon_3702
E-GEOD-55482		SRR1179969	characteristic	organism part	aerial part	http://www.ebi.ac.uk/efo/EFO_0001901
E-GEOD-55482		SRR1179969	factor	ecotype	Ler-0 x Kn-0
E-GEOD-55482		SRR1179970	characteristic	developmental stage	LP.04 four leaves visible stage	http://purl.obolibrary.org/obo/PO_0007115
E-GEOD-55482		SRR1179970	characteristic	ecotype	Ler-0 x Kn-0
E-GEOD-55482		SRR1179970	characteristic	generation	F1
E-GEOD-55482		SRR1179970	characteristic	organism	Arabidopsis thaliana	http://purl.obolibrary.org/obo/NCBITaxon_3702
E-GEOD-55482		SRR1179970	characteristic	organism part	aerial part	http://www.ebi.ac.uk/efo/EFO_0001901
E-GEOD-55482		SRR1179970	factor	ecotype	Ler-0 x Kn-0
E-GEOD-55482		SRR1179971	characteristic	developmental stage	LP.04 four leaves visible stage	http://purl.obolibrary.org/obo/PO_0007115
E-GEOD-55482		SRR1179971	characteristic	ecotype	Ler-0 x Kn-0
E-GEOD-55482		SRR1179971	characteristic	generation	F1
E-GEOD-55482		SRR1179971	characteristic	organism	Arabidopsis thaliana	http://purl.obolibrary.org/obo/NCBITaxon_3702
E-GEOD-55482		SRR1179971	characteristic	organism part	aerial part	http://www.ebi.ac.uk/efo/EFO_0001901
E-GEOD-55482		SRR1179971	factor	ecotype	Ler-0 x Kn-0
E-GEOD-55482		SRR1179972	characteristic	developmental stage	LP.04 four leaves visible stage	http://purl.obolibrary.org/obo/PO_0007115
E-GEOD-55482		SRR1179972	characteristic	ecotype	Ler-0 x Kn-0
E-GEOD-55482		SRR1179972	characteristic	generation	F1
E-GEOD-55482		SRR1179972	characteristic	organism	Arabidopsis thaliana	http://purl.obolibrary.org/obo/NCBITaxon_3702
E-GEOD-55482		SRR1179972	characteristic	organism part	aerial part	http://www.ebi.ac.uk/efo/EFO_0001901
E-GEOD-55482		SRR1179972	factor	ecotype	Ler-0 x Kn-0
E-GEOD-55482		SRR1179973	characteristic	developmental stage	LP.04 four leaves visible stage	http://purl.obolibrary.org/obo/PO_0007115
E-GEOD-55482		SRR1179973	characteristic	ecotype	Ler-0 x Kn-0
E-GEOD-55482		SRR1179973	characteristic	generation	F1
E-GEOD-55482		SRR1179973	characteristic	organism	Arabidopsis thaliana	http://purl.obolibrary.org/obo/NCBITaxon_3702
E-GEOD-55482		SRR1179973	characteristic	organism part	aerial part	http://www.ebi.ac.uk/efo/EFO_0001901
E-GEOD-55482		SRR1179973	factor	ecotype	Ler-0 x Kn-0
E-GEOD-55482		SRR1179974	characteristic	developmental stage	LP.04 four leaves visible stage	http://purl.obolibrary.org/obo/PO_0007115
E-GEOD-55482		SRR1179974	characteristic	ecotype	Mt-0 x Tsu-0
E-GEOD-55482		SRR1179974	characteristic	generation	F1
E-GEOD-55482		SRR1179974	characteristic	organism	Arabidopsis thaliana	http://purl.obolibrary.org/obo/NCBITaxon_3702
E-GEOD-55482		SRR1179974	characteristic	organism part	aerial part	http://www.ebi.ac.uk/efo/EFO_0001901
E-GEOD-55482		SRR1179974	factor	ecotype	Mt-0 x Tsu-0
E-GEOD-55482		SRR1179975	characteristic	developmental stage	LP.04 four leaves visible stage	http://purl.obolibrary.org/obo/PO_0007115
E-GEOD-55482		SRR1179975	characteristic	ecotype	Mt-0 x Tsu-0
E-GEOD-55482		SRR1179975	characteristic	generation	F1
E-GEOD-55482		SRR1179975	characteristic	organism	Arabidopsis thaliana	http://purl.obolibrary.org/obo/NCBITaxon_3702
E-GEOD-55482		SRR1179975	characteristic	organism part	aerial part	http://www.ebi.ac.uk/efo/EFO_0001901
E-GEOD-55482		SRR1179975	factor	ecotype	Mt-0 x Tsu-0
E-GEOD-55482		SRR1179976	characteristic	developmental stage	LP.04 four leaves visible stage	http://purl.obolibrary.org/obo/PO_0007115
E-GEOD-55482		SRR1179976	characteristic	ecotype	Mt-0 x Tsu-0
E-GEOD-55482		SRR1179976	characteristic	generation	F1
E-GEOD-55482		SRR1179976	characteristic	organism	Arabidopsis thaliana	http://purl.obolibrary.org/obo/NCBITaxon_3702
E-GEOD-55482		SRR1179976	characteristic	organism part	aerial part	http://www.ebi.ac.uk/efo/EFO_0001901
E-GEOD-55482		SRR1179976	factor	ecotype	Mt-0 x Tsu-0
E-GEOD-55482		SRR1179977	characteristic	developmental stage	LP.04 four leaves visible stage	http://purl.obolibrary.org/obo/PO_0007115
E-GEOD-55482		SRR1179977	characteristic	ecotype	Mt-0 x Tsu-0
E-GEOD-55482		SRR1179977	characteristic	generation	F1
E-GEOD-55482		SRR1179977	characteristic	organism	Arabidopsis thaliana	http://purl.obolibrary.org/obo/NCBITaxon_3702
E-GEOD-55482		SRR1179977	characteristic	organism part	aerial part	http://www.ebi.ac.uk/efo/EFO_0001901
E-GEOD-55482		SRR1179977	factor	ecotype	Mt-0 x Tsu-0
E-GEOD-55482		SRR1179978	characteristic	developmental stage	LP.04 four leaves visible stage	http://purl.obolibrary.org/obo/PO_0007115
E-GEOD-55482		SRR1179978	characteristic	ecotype	Mt-0 x Tsu-0
E-GEOD-55482		SRR1179978	characteristic	generation	F1
E-GEOD-55482		SRR1179978	characteristic	organism	Arabidopsis thaliana	http://purl.obolibrary.org/obo/NCBITaxon_3702
E-GEOD-55482		SRR1179978	characteristic	organism part	aerial part	http://www.ebi.ac.uk/efo/EFO_0001901
E-GEOD-55482		SRR1179978	factor	ecotype	Mt-0 x Tsu-0
E-GEOD-55482		SRR1179979	characteristic	developmental stage	LP.04 four leaves visible stage	http://purl.obolibrary.org/obo/PO_0007115
E-GEOD-55482		SRR1179979	characteristic	ecotype	Mt-0 x Tsu-0
E-GEOD-55482		SRR1179979	characteristic	generation	F1
E-GEOD-55482		SRR1179979	characteristic	organism	Arabidopsis thaliana	http://purl.obolibrary.org/obo/NCBITaxon_3702
E-GEOD-55482		SRR1179979	characteristic	organism part	aerial part	http://www.ebi.ac.uk/efo/EFO_0001901
E-GEOD-55482		SRR1179979	factor	ecotype	Mt-0 x Tsu-0
E-GEOD-55482		SRR1179980	characteristic	developmental stage	LP.04 four leaves visible stage	http://purl.obolibrary.org/obo/PO_0007115
E-GEOD-55482		SRR1179980	characteristic	ecotype	Sf-2 x Can-0
E-GEOD-55482		SRR1179980	characteristic	generation	F1
E-GEOD-55482		SRR1179980	characteristic	organism	Arabidopsis thaliana	http://purl.obolibrary.org/obo/NCBITaxon_3702
E-GEOD-55482		SRR1179980	characteristic	organism part	aerial part	http://www.ebi.ac.uk/efo/EFO_0001901
E-GEOD-55482		SRR1179980	factor	ecotype	Sf-2 x Can-0
E-GEOD-55482		SRR1179981	characteristic	developmental stage	LP.04 four leaves visible stage	http://purl.obolibrary.org/obo/PO_0007115
E-GEOD-55482		SRR1179981	characteristic	ecotype	Sf-2 x Can-0
E-GEOD-55482		SRR1179981	characteristic	generation	F1
E-GEOD-55482		SRR1179981	characteristic	organism	Arabidopsis thaliana	http://purl.obolibrary.org/obo/NCBITaxon_3702
E-GEOD-55482		SRR1179981	characteristic	organism part	aerial part	http://www.ebi.ac.uk/efo/EFO_0001901
E-GEOD-55482		SRR1179981	factor	ecotype	Sf-2 x Can-0
E-GEOD-55482		SRR1179982	characteristic	developmental stage	LP.04 four leaves visible stage	http://purl.obolibrary.org/obo/PO_0007115
E-GEOD-55482		SRR1179982	characteristic	ecotype	Sf-2 x Can-0
E-GEOD-55482		SRR1179982	characteristic	generation	F1
E-GEOD-55482		SRR1179982	characteristic	organism	Arabidopsis thaliana	http://purl.obolibrary.org/obo/NCBITaxon_3702
E-GEOD-55482		SRR1179982	characteristic	organism part	aerial part	http://www.ebi.ac.uk/efo/EFO_0001901
E-GEOD-55482		SRR1179982	factor	ecotype	Sf-2 x Can-0
E-GEOD-55482		SRR1179983	characteristic	developmental stage	LP.04 four leaves visible stage	http://purl.obolibrary.org/obo/PO_0007115
E-GEOD-55482		SRR1179983	characteristic	ecotype	Sf-2 x Can-0
E-GEOD-55482		SRR1179983	characteristic	generation	F1
E-GEOD-55482		SRR1179983	characteristic	organism	Arabidopsis thaliana	http://purl.obolibrary.org/obo/NCBITaxon_3702
E-GEOD-55482		SRR1179983	characteristic	organism part	aerial part	http://www.ebi.ac.uk/efo/EFO_0001901
E-GEOD-55482		SRR1179983	factor	ecotype	Sf-2 x Can-0
E-GEOD-55482		SRR1179984	characteristic	developmental stage	LP.04 four leaves visible stage	http://purl.obolibrary.org/obo/PO_0007115
E-GEOD-55482		SRR1179984	characteristic	ecotype	Sf-2 x Can-0
E-GEOD-55482		SRR1179984	characteristic	generation	F1
E-GEOD-55482		SRR1179984	characteristic	organism	Arabidopsis thaliana	http://purl.obolibrary.org/obo/NCBITaxon_3702
E-GEOD-55482		SRR1179984	characteristic	organism part	aerial part	http://www.ebi.ac.uk/efo/EFO_0001901
E-GEOD-55482		SRR1179984	factor	ecotype	Sf-2 x Can-0
E-GEOD-55482		SRR1179985	characteristic	developmental stage	LP.04 four leaves visible stage	http://purl.obolibrary.org/obo/PO_0007115
E-GEOD-55482		SRR1179985	characteristic	ecotype	Sf-2 x Can-0
E-GEOD-55482		SRR1179985	characteristic	generation	F1
E-GEOD-55482		SRR1179985	characteristic	organism	Arabidopsis thaliana	http://purl.obolibrary.org/obo/NCBITaxon_3702
E-GEOD-55482		SRR1179985	characteristic	organism part	aerial part	http://www.ebi.ac.uk/efo/EFO_0001901
E-GEOD-55482		SRR1179985	factor	ecotype	Sf-2 x Can-0
E-GEOD-55482		SRR1179986	characteristic	developmental stage	LP.04 four leaves visible stage	http://purl.obolibrary.org/obo/PO_0007115
E-GEOD-55482		SRR1179986	characteristic	ecotype	Wil-2 x No-0
E-GEOD-55482		SRR1179986	characteristic	generation	F1
E-GEOD-55482		SRR1179986	characteristic	organism	Arabidopsis thaliana	http://purl.obolibrary.org/obo/NCBITaxon_3702
E-GEOD-55482		SRR1179986	characteristic	organism part	aerial part	http://www.ebi.ac.uk/efo/EFO_0001901
E-GEOD-55482		SRR1179986	factor	ecotype	Wil-2 x No-0
E-GEOD-55482		SRR1179987	characteristic	developmental stage	LP.04 four leaves visible stage	http://purl.obolibrary.org/obo/PO_0007115
E-GEOD-55482		SRR1179987	characteristic	ecotype	Wil-2 x No-0
E-GEOD-55482		SRR1179987	characteristic	generation	F1
E-GEOD-55482		SRR1179987	characteristic	organism	Arabidopsis thaliana	http://purl.obolibrary.org/obo/NCBITaxon_3702
E-GEOD-55482		SRR1179987	characteristic	organism part	aerial part	http://www.ebi.ac.uk/efo/EFO_0001901
E-GEOD-55482		SRR1179987	factor	ecotype	Wil-2 x No-0
E-GEOD-55482		SRR1179988	characteristic	developmental stage	LP.04 four leaves visible stage	http://purl.obolibrary.org/obo/PO_0007115
E-GEOD-55482		SRR1179988	characteristic	ecotype	Wil-2 x No-0
E-GEOD-55482		SRR1179988	characteristic	generation	F1
E-GEOD-55482		SRR1179988	characteristic	organism	Arabidopsis thaliana	http://purl.obolibrary.org/obo/NCBITaxon_3702
E-GEOD-55482		SRR1179988	characteristic	organism part	aerial part	http://www.ebi.ac.uk/efo/EFO_0001901
E-GEOD-55482		SRR1179988	factor	ecotype	Wil-2 x No-0
E-GEOD-55482		SRR1179989	characteristic	developmental stage	LP.04 four leaves visible stage	http://purl.obolibrary.org/obo/PO_0007115
E-GEOD-55482		SRR1179989	characteristic	ecotype	Wil-2 x No-0
E-GEOD-55482		SRR1179989	characteristic	generation	F1
E-GEOD-55482		SRR1179989	characteristic	organism	Arabidopsis thaliana	http://purl.obolibrary.org/obo/NCBITaxon_3702
E-GEOD-55482		SRR1179989	characteristic	organism part	aerial part	http://www.ebi.ac.uk/efo/EFO_0001901
E-GEOD-55482		SRR1179989	factor	ecotype	Wil-2 x No-0
E-GEOD-55482		SRR1179990	characteristic	developmental stage	LP.04 four leaves visible stage	http://purl.obolibrary.org/obo/PO_0007115
E-GEOD-55482		SRR1179990	characteristic	ecotype	Wil-2 x No-0
E-GEOD-55482		SRR1179990	characteristic	generation	F1
E-GEOD-55482		SRR1179990	characteristic	organism	Arabidopsis thaliana	http://purl.obolibrary.org/obo/NCBITaxon_3702
E-GEOD-55482		SRR1179990	characteristic	organism part	aerial part	http://www.ebi.ac.uk/efo/EFO_0001901
E-GEOD-55482		SRR1179990	factor	ecotype	Wil-2 x No-0
E-GEOD-55482		SRR1179991	characteristic	developmental stage	LP.04 four leaves visible stage	http://purl.obolibrary.org/obo/PO_0007115
E-GEOD-55482		SRR1179991	characteristic	ecotype	Wil-2 x No-0
E-GEOD-55482		SRR1179991	characteristic	generation	F1
E-GEOD-55482		SRR1179991	characteristic	organism	Arabidopsis thaliana	http://purl.obolibrary.org/obo/NCBITaxon_3702
E-GEOD-55482		SRR1179991	characteristic	organism part	aerial part	http://www.ebi.ac.uk/efo/EFO_0001901
E-GEOD-55482		SRR1179991	factor	ecotype	Wil-2 x No-0
E-GEOD-55482		SRR1179992	characteristic	developmental stage	LP.04 four leaves visible stage	http://purl.obolibrary.org/obo/PO_0007115
E-GEOD-55482		SRR1179992	characteristic	ecotype	Ws-0 x Oy-0
E-GEOD-55482		SRR1179992	characteristic	generation	F1
E-GEOD-55482		SRR1179992	characteristic	organism	Arabidopsis thaliana	http://purl.obolibrary.org/obo/NCBITaxon_3702
E-GEOD-55482		SRR1179992	characteristic	organism part	aerial part	http://www.ebi.ac.uk/efo/EFO_0001901
E-GEOD-55482		SRR1179992	factor	ecotype	Ws-0 x Oy-0
E-GEOD-55482		SRR1179993	characteristic	developmental stage	LP.04 four leaves visible stage	http://purl.obolibrary.org/obo/PO_0007115
E-GEOD-55482		SRR1179993	characteristic	ecotype	Ws-0 x Oy-0
E-GEOD-55482		SRR1179993	characteristic	generation	F1
E-GEOD-55482		SRR1179993	characteristic	organism	Arabidopsis thaliana	http://purl.obolibrary.org/obo/NCBITaxon_3702
E-GEOD-55482		SRR1179993	characteristic	organism part	aerial part	http://www.ebi.ac.uk/efo/EFO_0001901
E-GEOD-55482		SRR1179993	factor	ecotype	Ws-0 x Oy-0
E-GEOD-55482		SRR1179994	characteristic	developmental stage	LP.04 four leaves visible stage	http://purl.obolibrary.org/obo/PO_0007115
E-GEOD-55482		SRR1179994	characteristic	ecotype	Ws-0 x Oy-0
E-GEOD-55482		SRR1179994	characteristic	generation	F1
E-GEOD-55482		SRR1179994	characteristic	organism	Arabidopsis thaliana	http://purl.obolibrary.org/obo/NCBITaxon_3702
E-GEOD-55482		SRR1179994	characteristic	organism part	aerial part	http://www.ebi.ac.uk/efo/EFO_0001901
E-GEOD-55482		SRR1179994	factor	ecotype	Ws-0 x Oy-0
E-GEOD-55482		SRR1179995	characteristic	developmental stage	LP.04 four leaves visible stage	http://purl.obolibrary.org/obo/PO_0007115
E-GEOD-55482		SRR1179995	characteristic	ecotype	Ws-0 x Oy-0
E-GEOD-55482		SRR1179995	characteristic	generation	F1
E-GEOD-55482		SRR1179995	characteristic	organism	Arabidopsis thaliana	http://purl.obolibrary.org/obo/NCBITaxon_3702
E-GEOD-55482		SRR1179995	characteristic	organism part	aerial part	http://www.ebi.ac.uk/efo/EFO_0001901
E-GEOD-55482		SRR1179995	factor	ecotype	Ws-0 x Oy-0
E-GEOD-55482		SRR1179996	characteristic	developmental stage	LP.04 four leaves visible stage	http://purl.obolibrary.org/obo/PO_0007115
E-GEOD-55482		SRR1179996	characteristic	ecotype	Ws-0 x Oy-0
E-GEOD-55482		SRR1179996	characteristic	generation	F1
E-GEOD-55482		SRR1179996	characteristic	organism	Arabidopsis thaliana	http://purl.obolibrary.org/obo/NCBITaxon_3702
E-GEOD-55482		SRR1179996	characteristic	organism part	aerial part	http://www.ebi.ac.uk/efo/EFO_0001901
E-GEOD-55482		SRR1179996	factor	ecotype	Ws-0 x Oy-0
E-GEOD-55482		SRR1179997	characteristic	developmental stage	LP.04 four leaves visible stage	http://purl.obolibrary.org/obo/PO_0007115
E-GEOD-55482		SRR1179997	characteristic	ecotype	Ws-0 x Oy-0
E-GEOD-55482		SRR1179997	characteristic	generation	F1
E-GEOD-55482		SRR1179997	characteristic	organism	Arabidopsis thaliana	http://purl.obolibrary.org/obo/NCBITaxon_3702
E-GEOD-55482		SRR1179997	characteristic	organism part	aerial part	http://www.ebi.ac.uk/efo/EFO_0001901
E-GEOD-55482		SRR1179997	factor	ecotype	Ws-0 x Oy-0
E-GEOD-55482		SRR1179998	characteristic	developmental stage	LP.04 four leaves visible stage	http://purl.obolibrary.org/obo/PO_0007115
E-GEOD-55482		SRR1179998	characteristic	ecotype	Wu-0 x Rsch-4
E-GEOD-55482		SRR1179998	characteristic	generation	F1
E-GEOD-55482		SRR1179998	characteristic	organism	Arabidopsis thaliana	http://purl.obolibrary.org/obo/NCBITaxon_3702
E-GEOD-55482		SRR1179998	characteristic	organism part	aerial part	http://www.ebi.ac.uk/efo/EFO_0001901
E-GEOD-55482		SRR1179998	factor	ecotype	Wu-0 x Rsch-4
E-GEOD-55482		SRR1179999	characteristic	developmental stage	LP.04 four leaves visible stage	http://purl.obolibrary.org/obo/PO_0007115
E-GEOD-55482		SRR1179999	characteristic	ecotype	Wu-0 x Rsch-4
E-GEOD-55482		SRR1179999	characteristic	generation	F1
E-GEOD-55482		SRR1179999	characteristic	organism	Arabidopsis thaliana	http://purl.obolibrary.org/obo/NCBITaxon_3702
E-GEOD-55482		SRR1179999	characteristic	organism part	aerial part	http://www.ebi.ac.uk/efo/EFO_0001901
E-GEOD-55482		SRR1179999	factor	ecotype	Wu-0 x Rsch-4
E-GEOD-55482		SRR1180000	characteristic	developmental stage	LP.04 four leaves visible stage	http://purl.obolibrary.org/obo/PO_0007115
E-GEOD-55482		SRR1180000	characteristic	ecotype	Wu-0 x Rsch-4
E-GEOD-55482		SRR1180000	characteristic	generation	F1
E-GEOD-55482		SRR1180000	characteristic	organism	Arabidopsis thaliana	http://purl.obolibrary.org/obo/NCBITaxon_3702
E-GEOD-55482		SRR1180000	characteristic	organism part	aerial part	http://www.ebi.ac.uk/efo/EFO_0001901
E-GEOD-55482		SRR1180000	factor	ecotype	Wu-0 x Rsch-4
E-GEOD-55482		SRR1180001	characteristic	developmental stage	LP.04 four leaves visible stage	http://purl.obolibrary.org/obo/PO_0007115
E-GEOD-55482		SRR1180001	characteristic	ecotype	Wu-0 x Rsch-4
E-GEOD-55482		SRR1180001	characteristic	generation	F1
E-GEOD-55482		SRR1180001	characteristic	organism	Arabidopsis thaliana	http://purl.obolibrary.org/obo/NCBITaxon_3702
E-GEOD-55482		SRR1180001	characteristic	organism part	aerial part	http://www.ebi.ac.uk/efo/EFO_0001901
E-GEOD-55482		SRR1180001	factor	ecotype	Wu-0 x Rsch-4
E-GEOD-55482		SRR1180002	characteristic	developmental stage	LP.04 four leaves visible stage	http://purl.obolibrary.org/obo/PO_0007115
E-GEOD-55482		SRR1180002	characteristic	ecotype	Wu-0 x Rsch-4
E-GEOD-55482		SRR1180002	characteristic	generation	F1
E-GEOD-55482		SRR1180002	characteristic	organism	Arabidopsis thaliana	http://purl.obolibrary.org/obo/NCBITaxon_3702
E-GEOD-55482		SRR1180002	characteristic	organism part	aerial part	http://www.ebi.ac.uk/efo/EFO_0001901
E-GEOD-55482		SRR1180002	factor	ecotype	Wu-0 x Rsch-4
E-GEOD-55482		SRR1180003	characteristic	developmental stage	LP.04 four leaves visible stage	http://purl.obolibrary.org/obo/PO_0007115
E-GEOD-55482		SRR1180003	characteristic	ecotype	Wu-0 x Rsch-4
E-GEOD-55482		SRR1180003	characteristic	generation	F1
E-GEOD-55482		SRR1180003	characteristic	organism	Arabidopsis thaliana	http://purl.obolibrary.org/obo/NCBITaxon_3702
E-GEOD-55482		SRR1180003	characteristic	organism part	aerial part	http://www.ebi.ac.uk/efo/EFO_0001901
E-GEOD-55482		SRR1180003	factor	ecotype	Wu-0 x Rsch-4
E-GEOD-55482		SRR1180004	characteristic	developmental stage	LP.04 four leaves visible stage	http://purl.obolibrary.org/obo/PO_0007115
E-GEOD-55482		SRR1180004	characteristic	ecotype	Zu-0 x Edi-0
E-GEOD-55482		SRR1180004	characteristic	generation	F1
E-GEOD-55482		SRR1180004	characteristic	organism	Arabidopsis thaliana	http://purl.obolibrary.org/obo/NCBITaxon_3702
E-GEOD-55482		SRR1180004	characteristic	organism part	aerial part	http://www.ebi.ac.uk/efo/EFO_0001901
E-GEOD-55482		SRR1180004	factor	ecotype	Zu-0 x Edi-0
E-GEOD-55482		SRR1180005	characteristic	developmental stage	LP.04 four leaves visible stage	http://purl.obolibrary.org/obo/PO_0007115
E-GEOD-55482		SRR1180005	characteristic	ecotype	Zu-0 x Edi-0
E-GEOD-55482		SRR1180005	characteristic	generation	F1
E-GEOD-55482		SRR1180005	characteristic	organism	Arabidopsis thaliana	http://purl.obolibrary.org/obo/NCBITaxon_3702
E-GEOD-55482		SRR1180005	characteristic	organism part	aerial part	http://www.ebi.ac.uk/efo/EFO_0001901
E-GEOD-55482		SRR1180005	factor	ecotype	Zu-0 x Edi-0
E-GEOD-55482		SRR1180006	characteristic	developmental stage	LP.04 four leaves visible stage	http://purl.obolibrary.org/obo/PO_0007115
E-GEOD-55482		SRR1180006	characteristic	ecotype	Zu-0 x Edi-0
E-GEOD-55482		SRR1180006	characteristic	generation	F1
E-GEOD-55482		SRR1180006	characteristic	organism	Arabidopsis thaliana	http://purl.obolibrary.org/obo/NCBITaxon_3702
E-GEOD-55482		SRR1180006	characteristic	organism part	aerial part	http://www.ebi.ac.uk/efo/EFO_0001901
E-GEOD-55482		SRR1180006	factor	ecotype	Zu-0 x Edi-0
E-GEOD-55482		SRR1180007	characteristic	developmental stage	LP.04 four leaves visible stage	http://purl.obolibrary.org/obo/PO_0007115
E-GEOD-55482		SRR1180007	characteristic	ecotype	Zu-0 x Edi-0
E-GEOD-55482		SRR1180007	characteristic	generation	F1
E-GEOD-55482		SRR1180007	characteristic	organism	Arabidopsis thaliana	http://purl.obolibrary.org/obo/NCBITaxon_3702
E-GEOD-55482		SRR1180007	characteristic	organism part	aerial part	http://www.ebi.ac.uk/efo/EFO_0001901
E-GEOD-55482		SRR1180007	factor	ecotype	Zu-0 x Edi-0
E-GEOD-55482		SRR1180008	characteristic	developmental stage	LP.04 four leaves visible stage	http://purl.obolibrary.org/obo/PO_0007115
E-GEOD-55482		SRR1180008	characteristic	ecotype	Zu-0 x Edi-0
E-GEOD-55482		SRR1180008	characteristic	generation	F1
E-GEOD-55482		SRR1180008	characteristic	organism	Arabidopsis thaliana	http://purl.obolibrary.org/obo/NCBITaxon_3702
E-GEOD-55482		SRR1180008	characteristic	organism part	aerial part	http://www.ebi.ac.uk/efo/EFO_0001901
E-GEOD-55482		SRR1180008	factor	ecotype	Zu-0 x Edi-0
E-GEOD-55482		SRR1180009	characteristic	developmental stage	LP.04 four leaves visible stage	http://purl.obolibrary.org/obo/PO_0007115
E-GEOD-55482		SRR1180009	characteristic	ecotype	Zu-0 x Edi-0
E-GEOD-55482		SRR1180009	characteristic	generation	F1
E-GEOD-55482		SRR1180009	characteristic	organism	Arabidopsis thaliana	http://purl.obolibrary.org/obo/NCBITaxon_3702
E-GEOD-55482		SRR1180009	characteristic	organism part	aerial part	http://www.ebi.ac.uk/efo/EFO_0001901
E-GEOD-55482		SRR1180009	factor	ecotype	Zu-0 x Edi-0
