<?xml version="1.0" encoding="UTF-8"?>

<configuration experimentType="rnaseq_mrna_baseline" r_data="1">
    <analytics>
        <assay_groups>
            <assay_group id="g1" label="Bur-0; aerial part">
                <assay>SRR1046849</assay>
            </assay_group>
            <assay_group id="g2" label="Bur-0; floral bud">
                <assay>SRR1046847</assay>
            </assay_group>
            <assay_group id="g3" label="Bur-0; root">
                <assay>SRR1046848</assay>
            </assay_group>
            <assay_group id="g4" label="Ct-1; aerial part">
                <assay>SRR1046852</assay>
            </assay_group>
            <assay_group id="g5" label="Ct-1; floral bud">
                <assay>SRR1046850</assay>
            </assay_group>
            <assay_group id="g6" label="Ct-1; root">
                <assay>SRR1046851</assay>
            </assay_group>
            <assay_group id="g7" label="Edi-0; aerial part">
                <assay>SRR1046855</assay>
            </assay_group>
            <assay_group id="g8" label="Edi-0; floral bud">
                <assay>SRR1046853</assay>
            </assay_group>
            <assay_group id="g9" label="Edi-0; root">
                <assay>SRR1046854</assay>
            </assay_group>
            <assay_group id="g10" label="Hi-0; aerial part">
                <assay>SRR1046858</assay>
            </assay_group>
            <assay_group id="g11" label="Hi-0; floral bud">
                <assay>SRR1046856</assay>
            </assay_group>
            <assay_group id="g12" label="Hi-0; root">
                <assay>SRR1046857</assay>
            </assay_group>
            <assay_group id="g13" label="Kn-0; aerial part">
                <assay>SRR1046861</assay>
            </assay_group>
            <assay_group id="g14" label="Kn-0; floral bud">
                <assay>SRR1046859</assay>
            </assay_group>
            <assay_group id="g15" label="Kn-0; root">
                <assay>SRR1046860</assay>
            </assay_group>
            <assay_group id="g16" label="Ler-0; aerial part">
                <assay>SRR1046864</assay>
            </assay_group>
            <assay_group id="g17" label="Ler-0; floral bud">
                <assay>SRR1046862</assay>
            </assay_group>
            <assay_group id="g18" label="Ler-0; root">
                <assay>SRR1046863</assay>
            </assay_group>
            <assay_group id="g19" label="Mt-0; aerial part">
                <assay>SRR1046867</assay>
            </assay_group>
            <assay_group id="g20" label="Mt-0; floral bud">
                <assay>SRR1046865</assay>
            </assay_group>
            <assay_group id="g21" label="Mt-0; root">
                <assay>SRR1046866</assay>
            </assay_group>
            <assay_group id="g22" label="No-0; aerial part">
                <assay>SRR1046870</assay>
            </assay_group>
            <assay_group id="g23" label="No-0; floral bud">
                <assay>SRR1046868</assay>
            </assay_group>
            <assay_group id="g24" label="No-0; root">
                <assay>SRR1046869</assay>
            </assay_group>
            <assay_group id="g25" label="Oy-0; aerial part">
                <assay>SRR1046873</assay>
            </assay_group>
            <assay_group id="g26" label="Oy-0; floral bud">
                <assay>SRR1046871</assay>
            </assay_group>
            <assay_group id="g27" label="Oy-0; root">
                <assay>SRR1046872</assay>
            </assay_group>
            <assay_group id="g28" label="Po-0; aerial part">
                <assay>SRR1046876</assay>
            </assay_group>
            <assay_group id="g29" label="Po-0; floral bud">
                <assay>SRR1046874</assay>
            </assay_group>
            <assay_group id="g30" label="Po-0; root">
                <assay>SRR1046875</assay>
            </assay_group>
            <assay_group id="g31" label="Rsch-4; aerial part">
                <assay>SRR1046879</assay>
            </assay_group>
            <assay_group id="g32" label="Rsch-4; floral bud">
                <assay>SRR1046877</assay>
            </assay_group>
            <assay_group id="g33" label="Rsch-4; root">
                <assay>SRR1046878</assay>
            </assay_group>
            <assay_group id="g34" label="Sf-2; aerial part">
                <assay>SRR1046882</assay>
            </assay_group>
            <assay_group id="g35" label="Sf-2; floral bud">
                <assay>SRR1046880</assay>
            </assay_group>
            <assay_group id="g36" label="Sf-2; root">
                <assay>SRR1046881</assay>
            </assay_group>
            <assay_group id="g37" label="Tsu-0; aerial part">
                <assay>SRR1046885</assay>
            </assay_group>
            <assay_group id="g38" label="Tsu-0; floral bud">
                <assay>SRR1046883</assay>
            </assay_group>
            <assay_group id="g39" label="Tsu-0; root">
                <assay>SRR1046884</assay>
            </assay_group>
            <assay_group id="g40" label="Wil-2; aerial part">
                <assay>SRR1046888</assay>
            </assay_group>
            <assay_group id="g41" label="Wil-2; floral bud">
                <assay>SRR1046886</assay>
            </assay_group>
            <assay_group id="g42" label="Wil-2; root">
                <assay>SRR1046887</assay>
            </assay_group>
            <assay_group id="g43" label="Ws-0; aerial part">
                <assay>SRR1046891</assay>
            </assay_group>
            <assay_group id="g44" label="Ws-0; floral bud">
                <assay>SRR1046889</assay>
            </assay_group>
            <assay_group id="g45" label="Ws-0; root">
                <assay>SRR1046890</assay>
            </assay_group>
            <assay_group id="g46" label="Wu-0; aerial part">
                <assay>SRR1046894</assay>
            </assay_group>
            <assay_group id="g47" label="Wu-0; floral bud">
                <assay>SRR1046892</assay>
            </assay_group>
            <assay_group id="g48" label="Wu-0; root">
                <assay>SRR1046893</assay>
            </assay_group>
            <assay_group id="g49" label="Zu-0; aerial part">
                <assay>SRR1046897</assay>
            </assay_group>
            <assay_group id="g50" label="Zu-0; floral bud">
                <assay>SRR1046895</assay>
            </assay_group>
            <assay_group id="g51" label="Zu-0; root">
                <assay>SRR1046896</assay>
            </assay_group>
        </assay_groups>
    </analytics>
</configuration>
