<?xml version="1.0" encoding="UTF-8"?>

<configuration experimentType="rnaseq_mrna_baseline" r_data="1">
    <analytics>
        <assay_groups>
            <assay_group id="g1" label="C24 ecotype">
                <assay technical_replicate_id="t1">SRR1744390</assay>
                <assay technical_replicate_id="t1">SRR1744389</assay>
                <assay technical_replicate_id="t2">SRR1744391</assay>
                <assay technical_replicate_id="t2">SRR1744392</assay>
            </assay_group>
            <assay_group id="g2" label="L3-1-1-2">
                <assay technical_replicate_id="t7">SRR1744402</assay>
                <assay technical_replicate_id="t7">SRR1744401</assay>
                <assay technical_replicate_id="t8">SRR1744403</assay>
                <assay technical_replicate_id="t8">SRR1744404</assay>
                <assay technical_replicate_id="t9">SRR1744405</assay>
                <assay technical_replicate_id="t9">SRR1744406</assay>
            </assay_group>
            <assay_group id="g3" label="L4-2-1-2">
                <assay technical_replicate_id="t10">SRR1744407</assay>
                <assay technical_replicate_id="t10">SRR1744408</assay>
                <assay technical_replicate_id="t11">SRR1744410</assay>
                <assay technical_replicate_id="t11">SRR1744409</assay>
                <assay technical_replicate_id="t12">SRR1744412</assay>
                <assay technical_replicate_id="t12">SRR1744411</assay>
            </assay_group>
            <assay_group id="g4" label="Ler-1">
                <assay technical_replicate_id="t3">SRR1744394</assay>
                <assay technical_replicate_id="t3">SRR1744393</assay>
                <assay technical_replicate_id="t4">SRR1744396</assay>
                <assay technical_replicate_id="t4">SRR1744395</assay>
            </assay_group>
            <assay_group id="g5" label="Ler-1 x C24 ecotype">
                <assay technical_replicate_id="t5">SRR1744398</assay>
                <assay technical_replicate_id="t5">SRR1744397</assay>
                <assay technical_replicate_id="t6">SRR1744400</assay>
                <assay technical_replicate_id="t6">SRR1744399</assay>
            </assay_group>
        </assay_groups>
    </analytics>
</configuration>
