E-GEOD-64742		SRR1744389	characteristic	age	15 day
E-GEOD-64742		SRR1744389	characteristic	developmental stage	seedling developmental stage	http://purl.obolibrary.org/obo/PO_0007131
E-GEOD-64742		SRR1744389	characteristic	ecotype	C24 ecotype	http://www.ebi.ac.uk/efo/EFO_0006987
E-GEOD-64742		SRR1744389	characteristic	organism	Arabidopsis thaliana	http://purl.obolibrary.org/obo/NCBITaxon_3702
E-GEOD-64742		SRR1744389	characteristic	organism part	aerial part	http://www.ebi.ac.uk/efo/EFO_0001901
E-GEOD-64742		SRR1744389	factor	ecotype	C24 ecotype	http://www.ebi.ac.uk/efo/EFO_0006987
E-GEOD-64742		SRR1744390	characteristic	age	15 day
E-GEOD-64742		SRR1744390	characteristic	developmental stage	seedling developmental stage	http://purl.obolibrary.org/obo/PO_0007131
E-GEOD-64742		SRR1744390	characteristic	ecotype	C24 ecotype	http://www.ebi.ac.uk/efo/EFO_0006987
E-GEOD-64742		SRR1744390	characteristic	organism	Arabidopsis thaliana	http://purl.obolibrary.org/obo/NCBITaxon_3702
E-GEOD-64742		SRR1744390	characteristic	organism part	aerial part	http://www.ebi.ac.uk/efo/EFO_0001901
E-GEOD-64742		SRR1744390	factor	ecotype	C24 ecotype	http://www.ebi.ac.uk/efo/EFO_0006987
E-GEOD-64742		SRR1744391	characteristic	age	15 day
E-GEOD-64742		SRR1744391	characteristic	developmental stage	seedling developmental stage	http://purl.obolibrary.org/obo/PO_0007131
E-GEOD-64742		SRR1744391	characteristic	ecotype	C24 ecotype	http://www.ebi.ac.uk/efo/EFO_0006987
E-GEOD-64742		SRR1744391	characteristic	organism	Arabidopsis thaliana	http://purl.obolibrary.org/obo/NCBITaxon_3702
E-GEOD-64742		SRR1744391	characteristic	organism part	aerial part	http://www.ebi.ac.uk/efo/EFO_0001901
E-GEOD-64742		SRR1744391	factor	ecotype	C24 ecotype	http://www.ebi.ac.uk/efo/EFO_0006987
E-GEOD-64742		SRR1744392	characteristic	age	15 day
E-GEOD-64742		SRR1744392	characteristic	developmental stage	seedling developmental stage	http://purl.obolibrary.org/obo/PO_0007131
E-GEOD-64742		SRR1744392	characteristic	ecotype	C24 ecotype	http://www.ebi.ac.uk/efo/EFO_0006987
E-GEOD-64742		SRR1744392	characteristic	organism	Arabidopsis thaliana	http://purl.obolibrary.org/obo/NCBITaxon_3702
E-GEOD-64742		SRR1744392	characteristic	organism part	aerial part	http://www.ebi.ac.uk/efo/EFO_0001901
E-GEOD-64742		SRR1744392	factor	ecotype	C24 ecotype	http://www.ebi.ac.uk/efo/EFO_0006987
E-GEOD-64742		SRR1744393	characteristic	age	15 day
E-GEOD-64742		SRR1744393	characteristic	developmental stage	seedling developmental stage	http://purl.obolibrary.org/obo/PO_0007131
E-GEOD-64742		SRR1744393	characteristic	ecotype	Ler-1	http://www.ebi.ac.uk/efo/EFO_0005155
E-GEOD-64742		SRR1744393	characteristic	organism	Arabidopsis thaliana	http://purl.obolibrary.org/obo/NCBITaxon_3702
E-GEOD-64742		SRR1744393	characteristic	organism part	aerial part	http://www.ebi.ac.uk/efo/EFO_0001901
E-GEOD-64742		SRR1744393	factor	ecotype	Ler-1	http://www.ebi.ac.uk/efo/EFO_0005155
E-GEOD-64742		SRR1744394	characteristic	age	15 day
E-GEOD-64742		SRR1744394	characteristic	developmental stage	seedling developmental stage	http://purl.obolibrary.org/obo/PO_0007131
E-GEOD-64742		SRR1744394	characteristic	ecotype	Ler-1	http://www.ebi.ac.uk/efo/EFO_0005155
E-GEOD-64742		SRR1744394	characteristic	organism	Arabidopsis thaliana	http://purl.obolibrary.org/obo/NCBITaxon_3702
E-GEOD-64742		SRR1744394	characteristic	organism part	aerial part	http://www.ebi.ac.uk/efo/EFO_0001901
E-GEOD-64742		SRR1744394	factor	ecotype	Ler-1	http://www.ebi.ac.uk/efo/EFO_0005155
E-GEOD-64742		SRR1744395	characteristic	age	15 day
E-GEOD-64742		SRR1744395	characteristic	developmental stage	seedling developmental stage	http://purl.obolibrary.org/obo/PO_0007131
E-GEOD-64742		SRR1744395	characteristic	ecotype	Ler-1	http://www.ebi.ac.uk/efo/EFO_0005155
E-GEOD-64742		SRR1744395	characteristic	organism	Arabidopsis thaliana	http://purl.obolibrary.org/obo/NCBITaxon_3702
E-GEOD-64742		SRR1744395	characteristic	organism part	aerial part	http://www.ebi.ac.uk/efo/EFO_0001901
E-GEOD-64742		SRR1744395	factor	ecotype	Ler-1	http://www.ebi.ac.uk/efo/EFO_0005155
E-GEOD-64742		SRR1744396	characteristic	age	15 day
E-GEOD-64742		SRR1744396	characteristic	developmental stage	seedling developmental stage	http://purl.obolibrary.org/obo/PO_0007131
E-GEOD-64742		SRR1744396	characteristic	ecotype	Ler-1	http://www.ebi.ac.uk/efo/EFO_0005155
E-GEOD-64742		SRR1744396	characteristic	organism	Arabidopsis thaliana	http://purl.obolibrary.org/obo/NCBITaxon_3702
E-GEOD-64742		SRR1744396	characteristic	organism part	aerial part	http://www.ebi.ac.uk/efo/EFO_0001901
E-GEOD-64742		SRR1744396	factor	ecotype	Ler-1	http://www.ebi.ac.uk/efo/EFO_0005155
E-GEOD-64742		SRR1744397	characteristic	age	15 day
E-GEOD-64742		SRR1744397	characteristic	developmental stage	seedling developmental stage	http://purl.obolibrary.org/obo/PO_0007131
E-GEOD-64742		SRR1744397	characteristic	ecotype	Ler-1 x C24 ecotype
E-GEOD-64742		SRR1744397	characteristic	organism	Arabidopsis thaliana	http://purl.obolibrary.org/obo/NCBITaxon_3702
E-GEOD-64742		SRR1744397	characteristic	organism part	aerial part	http://www.ebi.ac.uk/efo/EFO_0001901
E-GEOD-64742		SRR1744397	factor	ecotype	Ler-1 x C24 ecotype
E-GEOD-64742		SRR1744398	characteristic	age	15 day
E-GEOD-64742		SRR1744398	characteristic	developmental stage	seedling developmental stage	http://purl.obolibrary.org/obo/PO_0007131
E-GEOD-64742		SRR1744398	characteristic	ecotype	Ler-1 x C24 ecotype
E-GEOD-64742		SRR1744398	characteristic	organism	Arabidopsis thaliana	http://purl.obolibrary.org/obo/NCBITaxon_3702
E-GEOD-64742		SRR1744398	characteristic	organism part	aerial part	http://www.ebi.ac.uk/efo/EFO_0001901
E-GEOD-64742		SRR1744398	factor	ecotype	Ler-1 x C24 ecotype
E-GEOD-64742		SRR1744399	characteristic	age	15 day
E-GEOD-64742		SRR1744399	characteristic	developmental stage	seedling developmental stage	http://purl.obolibrary.org/obo/PO_0007131
E-GEOD-64742		SRR1744399	characteristic	ecotype	Ler-1 x C24 ecotype
E-GEOD-64742		SRR1744399	characteristic	organism	Arabidopsis thaliana	http://purl.obolibrary.org/obo/NCBITaxon_3702
E-GEOD-64742		SRR1744399	characteristic	organism part	aerial part	http://www.ebi.ac.uk/efo/EFO_0001901
E-GEOD-64742		SRR1744399	factor	ecotype	Ler-1 x C24 ecotype
E-GEOD-64742		SRR1744400	characteristic	age	15 day
E-GEOD-64742		SRR1744400	characteristic	developmental stage	seedling developmental stage	http://purl.obolibrary.org/obo/PO_0007131
E-GEOD-64742		SRR1744400	characteristic	ecotype	Ler-1 x C24 ecotype
E-GEOD-64742		SRR1744400	characteristic	organism	Arabidopsis thaliana	http://purl.obolibrary.org/obo/NCBITaxon_3702
E-GEOD-64742		SRR1744400	characteristic	organism part	aerial part	http://www.ebi.ac.uk/efo/EFO_0001901
E-GEOD-64742		SRR1744400	factor	ecotype	Ler-1 x C24 ecotype
E-GEOD-64742		SRR1744401	characteristic	age	15 day
E-GEOD-64742		SRR1744401	characteristic	developmental stage	seedling developmental stage	http://purl.obolibrary.org/obo/PO_0007131
E-GEOD-64742		SRR1744401	characteristic	ecotype	L3-1-1-2
E-GEOD-64742		SRR1744401	characteristic	organism	Arabidopsis thaliana	http://purl.obolibrary.org/obo/NCBITaxon_3702
E-GEOD-64742		SRR1744401	characteristic	organism part	aerial part	http://www.ebi.ac.uk/efo/EFO_0001901
E-GEOD-64742		SRR1744401	factor	ecotype	L3-1-1-2
E-GEOD-64742		SRR1744402	characteristic	age	15 day
E-GEOD-64742		SRR1744402	characteristic	developmental stage	seedling developmental stage	http://purl.obolibrary.org/obo/PO_0007131
E-GEOD-64742		SRR1744402	characteristic	ecotype	L3-1-1-2
E-GEOD-64742		SRR1744402	characteristic	organism	Arabidopsis thaliana	http://purl.obolibrary.org/obo/NCBITaxon_3702
E-GEOD-64742		SRR1744402	characteristic	organism part	aerial part	http://www.ebi.ac.uk/efo/EFO_0001901
E-GEOD-64742		SRR1744402	factor	ecotype	L3-1-1-2
E-GEOD-64742		SRR1744403	characteristic	age	15 day
E-GEOD-64742		SRR1744403	characteristic	developmental stage	seedling developmental stage	http://purl.obolibrary.org/obo/PO_0007131
E-GEOD-64742		SRR1744403	characteristic	ecotype	L3-1-1-2
E-GEOD-64742		SRR1744403	characteristic	organism	Arabidopsis thaliana	http://purl.obolibrary.org/obo/NCBITaxon_3702
E-GEOD-64742		SRR1744403	characteristic	organism part	aerial part	http://www.ebi.ac.uk/efo/EFO_0001901
E-GEOD-64742		SRR1744403	factor	ecotype	L3-1-1-2
E-GEOD-64742		SRR1744404	characteristic	age	15 day
E-GEOD-64742		SRR1744404	characteristic	developmental stage	seedling developmental stage	http://purl.obolibrary.org/obo/PO_0007131
E-GEOD-64742		SRR1744404	characteristic	ecotype	L3-1-1-2
E-GEOD-64742		SRR1744404	characteristic	organism	Arabidopsis thaliana	http://purl.obolibrary.org/obo/NCBITaxon_3702
E-GEOD-64742		SRR1744404	characteristic	organism part	aerial part	http://www.ebi.ac.uk/efo/EFO_0001901
E-GEOD-64742		SRR1744404	factor	ecotype	L3-1-1-2
E-GEOD-64742		SRR1744405	characteristic	age	15 day
E-GEOD-64742		SRR1744405	characteristic	developmental stage	seedling developmental stage	http://purl.obolibrary.org/obo/PO_0007131
E-GEOD-64742		SRR1744405	characteristic	ecotype	L3-1-1-2
E-GEOD-64742		SRR1744405	characteristic	organism	Arabidopsis thaliana	http://purl.obolibrary.org/obo/NCBITaxon_3702
E-GEOD-64742		SRR1744405	characteristic	organism part	aerial part	http://www.ebi.ac.uk/efo/EFO_0001901
E-GEOD-64742		SRR1744405	factor	ecotype	L3-1-1-2
E-GEOD-64742		SRR1744406	characteristic	age	15 day
E-GEOD-64742		SRR1744406	characteristic	developmental stage	seedling developmental stage	http://purl.obolibrary.org/obo/PO_0007131
E-GEOD-64742		SRR1744406	characteristic	ecotype	L3-1-1-2
E-GEOD-64742		SRR1744406	characteristic	organism	Arabidopsis thaliana	http://purl.obolibrary.org/obo/NCBITaxon_3702
E-GEOD-64742		SRR1744406	characteristic	organism part	aerial part	http://www.ebi.ac.uk/efo/EFO_0001901
E-GEOD-64742		SRR1744406	factor	ecotype	L3-1-1-2
E-GEOD-64742		SRR1744407	characteristic	age	15 day
E-GEOD-64742		SRR1744407	characteristic	developmental stage	seedling developmental stage	http://purl.obolibrary.org/obo/PO_0007131
E-GEOD-64742		SRR1744407	characteristic	ecotype	L4-2-1-2
E-GEOD-64742		SRR1744407	characteristic	organism	Arabidopsis thaliana	http://purl.obolibrary.org/obo/NCBITaxon_3702
E-GEOD-64742		SRR1744407	characteristic	organism part	aerial part	http://www.ebi.ac.uk/efo/EFO_0001901
E-GEOD-64742		SRR1744407	factor	ecotype	L4-2-1-2
E-GEOD-64742		SRR1744408	characteristic	age	15 day
E-GEOD-64742		SRR1744408	characteristic	developmental stage	seedling developmental stage	http://purl.obolibrary.org/obo/PO_0007131
E-GEOD-64742		SRR1744408	characteristic	ecotype	L4-2-1-2
E-GEOD-64742		SRR1744408	characteristic	organism	Arabidopsis thaliana	http://purl.obolibrary.org/obo/NCBITaxon_3702
E-GEOD-64742		SRR1744408	characteristic	organism part	aerial part	http://www.ebi.ac.uk/efo/EFO_0001901
E-GEOD-64742		SRR1744408	factor	ecotype	L4-2-1-2
E-GEOD-64742		SRR1744409	characteristic	age	15 day
E-GEOD-64742		SRR1744409	characteristic	developmental stage	seedling developmental stage	http://purl.obolibrary.org/obo/PO_0007131
E-GEOD-64742		SRR1744409	characteristic	ecotype	L4-2-1-2
E-GEOD-64742		SRR1744409	characteristic	organism	Arabidopsis thaliana	http://purl.obolibrary.org/obo/NCBITaxon_3702
E-GEOD-64742		SRR1744409	characteristic	organism part	aerial part	http://www.ebi.ac.uk/efo/EFO_0001901
E-GEOD-64742		SRR1744409	factor	ecotype	L4-2-1-2
E-GEOD-64742		SRR1744410	characteristic	age	15 day
E-GEOD-64742		SRR1744410	characteristic	developmental stage	seedling developmental stage	http://purl.obolibrary.org/obo/PO_0007131
E-GEOD-64742		SRR1744410	characteristic	ecotype	L4-2-1-2
E-GEOD-64742		SRR1744410	characteristic	organism	Arabidopsis thaliana	http://purl.obolibrary.org/obo/NCBITaxon_3702
E-GEOD-64742		SRR1744410	characteristic	organism part	aerial part	http://www.ebi.ac.uk/efo/EFO_0001901
E-GEOD-64742		SRR1744410	factor	ecotype	L4-2-1-2
E-GEOD-64742		SRR1744411	characteristic	age	15 day
E-GEOD-64742		SRR1744411	characteristic	developmental stage	seedling developmental stage	http://purl.obolibrary.org/obo/PO_0007131
E-GEOD-64742		SRR1744411	characteristic	ecotype	L4-2-1-2
E-GEOD-64742		SRR1744411	characteristic	organism	Arabidopsis thaliana	http://purl.obolibrary.org/obo/NCBITaxon_3702
E-GEOD-64742		SRR1744411	characteristic	organism part	aerial part	http://www.ebi.ac.uk/efo/EFO_0001901
E-GEOD-64742		SRR1744411	factor	ecotype	L4-2-1-2
E-GEOD-64742		SRR1744412	characteristic	age	15 day
E-GEOD-64742		SRR1744412	characteristic	developmental stage	seedling developmental stage	http://purl.obolibrary.org/obo/PO_0007131
E-GEOD-64742		SRR1744412	characteristic	ecotype	L4-2-1-2
E-GEOD-64742		SRR1744412	characteristic	organism	Arabidopsis thaliana	http://purl.obolibrary.org/obo/NCBITaxon_3702
E-GEOD-64742		SRR1744412	characteristic	organism part	aerial part	http://www.ebi.ac.uk/efo/EFO_0001901
E-GEOD-64742		SRR1744412	factor	ecotype	L4-2-1-2
