E-PROT-135		ppb.iBAQ.Callus	characteristic	age	14 day
E-PROT-135		ppb.iBAQ.Callus	characteristic	cell culture	none	http://www.ebi.ac.uk/efo/EFO_0001461
E-PROT-135		ppb.iBAQ.Callus	characteristic	cultivar	Col-0	http://www.ebi.ac.uk/efo/EFO_0005148
E-PROT-135		ppb.iBAQ.Callus	characteristic	developmental stage	sporophyte development stage
E-PROT-135		ppb.iBAQ.Callus	characteristic	genotype	wild type genotype
E-PROT-135		ppb.iBAQ.Callus	characteristic	growth condition	continuous light regimen	http://purl.obolibrary.org/obo/EO_0007162
E-PROT-135		ppb.iBAQ.Callus	characteristic	organism	Arabidopsis thaliana	http://purl.obolibrary.org/obo/NCBITaxon_3702
E-PROT-135		ppb.iBAQ.Callus	characteristic	organism part	plant callus	http://purl.obolibrary.org/obo/PO_0005052
E-PROT-135		ppb.iBAQ.Callus	characteristic	sampling site	callus	http://purl.obolibrary.org/obo/PO_0005052
E-PROT-135		ppb.iBAQ.Callus	factor	growth condition	continuous light regimen	http://purl.obolibrary.org/obo/EO_0007162
E-PROT-135		ppb.iBAQ.Callus	factor	sampling site	callus	http://purl.obolibrary.org/obo/PO_0005052
E-PROT-135		ppb.iBAQ.Carpel	characteristic	age	28 to 35 day
E-PROT-135		ppb.iBAQ.Carpel	characteristic	cell culture	none	http://www.ebi.ac.uk/efo/EFO_0001461
E-PROT-135		ppb.iBAQ.Carpel	characteristic	cultivar	Col-0	http://www.ebi.ac.uk/efo/EFO_0005148
E-PROT-135		ppb.iBAQ.Carpel	characteristic	developmental stage	whole plant flowering stage	http://purl.obolibrary.org/obo/PO_0007016
E-PROT-135		ppb.iBAQ.Carpel	characteristic	genotype	wild type genotype
E-PROT-135		ppb.iBAQ.Carpel	characteristic	growth condition	continuous light regimen	http://purl.obolibrary.org/obo/EO_0007162
E-PROT-135		ppb.iBAQ.Carpel	characteristic	organism	Arabidopsis thaliana	http://purl.obolibrary.org/obo/NCBITaxon_3702
E-PROT-135		ppb.iBAQ.Carpel	characteristic	organism part	carpel	http://purl.obolibrary.org/obo/PO_0009030
E-PROT-135		ppb.iBAQ.Carpel	characteristic	sampling site	carpel (flower stage 15)
E-PROT-135		ppb.iBAQ.Carpel	factor	growth condition	continuous light regimen	http://purl.obolibrary.org/obo/EO_0007162
E-PROT-135		ppb.iBAQ.Carpel	factor	sampling site	carpel (flower stage 15)
E-PROT-135		ppb.iBAQ.Cauline leaf	characteristic	age	30 day
E-PROT-135		ppb.iBAQ.Cauline leaf	characteristic	cell culture	none	http://www.ebi.ac.uk/efo/EFO_0001461
E-PROT-135		ppb.iBAQ.Cauline leaf	characteristic	cultivar	Col-0	http://www.ebi.ac.uk/efo/EFO_0005148
E-PROT-135		ppb.iBAQ.Cauline leaf	characteristic	developmental stage	sporophyte development stage
E-PROT-135		ppb.iBAQ.Cauline leaf	characteristic	genotype	wild type genotype
E-PROT-135		ppb.iBAQ.Cauline leaf	characteristic	growth condition	continuous light regimen	http://purl.obolibrary.org/obo/EO_0007162
E-PROT-135		ppb.iBAQ.Cauline leaf	characteristic	organism	Arabidopsis thaliana	http://purl.obolibrary.org/obo/NCBITaxon_3702
E-PROT-135		ppb.iBAQ.Cauline leaf	characteristic	organism part	cauline leaf	http://purl.obolibrary.org/obo/PO_0000013
E-PROT-135		ppb.iBAQ.Cauline leaf	characteristic	sampling site	1st cauline leaf
E-PROT-135		ppb.iBAQ.Cauline leaf	factor	growth condition	continuous light regimen	http://purl.obolibrary.org/obo/EO_0007162
E-PROT-135		ppb.iBAQ.Cauline leaf	factor	sampling site	1st cauline leaf
E-PROT-135		ppb.iBAQ.Cell culture early	characteristic	age	3 day
E-PROT-135		ppb.iBAQ.Cell culture early	characteristic	cell culture	root cell culture early
E-PROT-135		ppb.iBAQ.Cell culture early	characteristic	cultivar	Col-0	http://www.ebi.ac.uk/efo/EFO_0005148
E-PROT-135		ppb.iBAQ.Cell culture early	characteristic	developmental stage	not available
E-PROT-135		ppb.iBAQ.Cell culture early	characteristic	genotype	wild type genotype
E-PROT-135		ppb.iBAQ.Cell culture early	characteristic	growth condition	continuous light regimen	http://purl.obolibrary.org/obo/EO_0007162
E-PROT-135		ppb.iBAQ.Cell culture early	characteristic	organism	Arabidopsis thaliana	http://purl.obolibrary.org/obo/NCBITaxon_3702
E-PROT-135		ppb.iBAQ.Cell culture early	characteristic	organism part	root	http://purl.obolibrary.org/obo/PO_0009005
E-PROT-135		ppb.iBAQ.Cell culture early	characteristic	sampling site	root cell culture (early)
E-PROT-135		ppb.iBAQ.Cell culture early	factor	growth condition	continuous light regimen	http://purl.obolibrary.org/obo/EO_0007162
E-PROT-135		ppb.iBAQ.Cell culture early	factor	sampling site	root cell culture (early)
E-PROT-135		ppb.iBAQ.Cell culture late	characteristic	age	10 day
E-PROT-135		ppb.iBAQ.Cell culture late	characteristic	cell culture	root cell culture late
E-PROT-135		ppb.iBAQ.Cell culture late	characteristic	cultivar	Col-0	http://www.ebi.ac.uk/efo/EFO_0005148
E-PROT-135		ppb.iBAQ.Cell culture late	characteristic	developmental stage	not available
E-PROT-135		ppb.iBAQ.Cell culture late	characteristic	genotype	wild type genotype
E-PROT-135		ppb.iBAQ.Cell culture late	characteristic	growth condition	continuous light regimen	http://purl.obolibrary.org/obo/EO_0007162
E-PROT-135		ppb.iBAQ.Cell culture late	characteristic	organism	Arabidopsis thaliana	http://purl.obolibrary.org/obo/NCBITaxon_3702
E-PROT-135		ppb.iBAQ.Cell culture late	characteristic	organism part	root	http://purl.obolibrary.org/obo/PO_0009005
E-PROT-135		ppb.iBAQ.Cell culture late	characteristic	sampling site	root cell culture (late)
E-PROT-135		ppb.iBAQ.Cell culture late	factor	growth condition	continuous light regimen	http://purl.obolibrary.org/obo/EO_0007162
E-PROT-135		ppb.iBAQ.Cell culture late	factor	sampling site	root cell culture (late)
E-PROT-135		ppb.iBAQ.Cotyledons	characteristic	age	7 day
E-PROT-135		ppb.iBAQ.Cotyledons	characteristic	cell culture	none	http://www.ebi.ac.uk/efo/EFO_0001461
E-PROT-135		ppb.iBAQ.Cotyledons	characteristic	cultivar	Col-0	http://www.ebi.ac.uk/efo/EFO_0005148
E-PROT-135		ppb.iBAQ.Cotyledons	characteristic	developmental stage	seedling development stage	http://purl.obolibrary.org/obo/PO_0007131
E-PROT-135		ppb.iBAQ.Cotyledons	characteristic	genotype	wild type genotype
E-PROT-135		ppb.iBAQ.Cotyledons	characteristic	growth condition	continuous light regimen	http://purl.obolibrary.org/obo/EO_0007162
E-PROT-135		ppb.iBAQ.Cotyledons	characteristic	organism	Arabidopsis thaliana	http://purl.obolibrary.org/obo/NCBITaxon_3702
E-PROT-135		ppb.iBAQ.Cotyledons	characteristic	organism part	cotyledon	http://purl.obolibrary.org/obo/PO_0020030
E-PROT-135		ppb.iBAQ.Cotyledons	characteristic	sampling site	cotyledons	http://purl.obolibrary.org/obo/PO_0020030
E-PROT-135		ppb.iBAQ.Cotyledons	factor	growth condition	continuous light regimen	http://purl.obolibrary.org/obo/EO_0007162
E-PROT-135		ppb.iBAQ.Cotyledons	factor	sampling site	cotyledons	http://purl.obolibrary.org/obo/PO_0020030
E-PROT-135		ppb.iBAQ.Egg-cell like callus	characteristic	age	14 day
E-PROT-135		ppb.iBAQ.Egg-cell like callus	characteristic	cell culture	none	http://www.ebi.ac.uk/efo/EFO_0001461
E-PROT-135		ppb.iBAQ.Egg-cell like callus	characteristic	cultivar	Col-0	http://www.ebi.ac.uk/efo/EFO_0005148
E-PROT-135		ppb.iBAQ.Egg-cell like callus	characteristic	developmental stage	sporophyte development stage
E-PROT-135		ppb.iBAQ.Egg-cell like callus	characteristic	genotype	wild type genotype
E-PROT-135		ppb.iBAQ.Egg-cell like callus	characteristic	growth condition	continuous light regimen	http://purl.obolibrary.org/obo/EO_0007162
E-PROT-135		ppb.iBAQ.Egg-cell like callus	characteristic	organism	Arabidopsis thaliana	http://purl.obolibrary.org/obo/NCBITaxon_3702
E-PROT-135		ppb.iBAQ.Egg-cell like callus	characteristic	organism part	plant callus	http://purl.obolibrary.org/obo/PO_0005052
E-PROT-135		ppb.iBAQ.Egg-cell like callus	characteristic	sampling site	egg-cell like callus
E-PROT-135		ppb.iBAQ.Egg-cell like callus	factor	growth condition	continuous light regimen	http://purl.obolibrary.org/obo/EO_0007162
E-PROT-135		ppb.iBAQ.Egg-cell like callus	factor	sampling site	egg-cell like callus
E-PROT-135		ppb.iBAQ.Embryo	characteristic	age	35 to 42 day
E-PROT-135		ppb.iBAQ.Embryo	characteristic	cell culture	none	http://www.ebi.ac.uk/efo/EFO_0001461
E-PROT-135		ppb.iBAQ.Embryo	characteristic	cultivar	Col-0	http://www.ebi.ac.uk/efo/EFO_0005148
E-PROT-135		ppb.iBAQ.Embryo	characteristic	developmental stage	plant embryo development stage	http://purl.obolibrary.org/obo/PO_0007631
E-PROT-135		ppb.iBAQ.Embryo	characteristic	genotype	wild type genotype
E-PROT-135		ppb.iBAQ.Embryo	characteristic	growth condition	continuous light regimen	http://purl.obolibrary.org/obo/EO_0007162
E-PROT-135		ppb.iBAQ.Embryo	characteristic	organism	Arabidopsis thaliana	http://purl.obolibrary.org/obo/NCBITaxon_3702
E-PROT-135		ppb.iBAQ.Embryo	characteristic	organism part	plant embryo	http://purl.obolibrary.org/obo/PO_0009009
E-PROT-135		ppb.iBAQ.Embryo	characteristic	sampling site	seed (embryo stage 10)
E-PROT-135		ppb.iBAQ.Embryo	factor	growth condition	continuous light regimen	http://purl.obolibrary.org/obo/EO_0007162
E-PROT-135		ppb.iBAQ.Embryo	factor	sampling site	seed (embryo stage 10)
E-PROT-135		ppb.iBAQ.Flower	characteristic	age	28 to 35 day
E-PROT-135		ppb.iBAQ.Flower	characteristic	cell culture	none	http://www.ebi.ac.uk/efo/EFO_0001461
E-PROT-135		ppb.iBAQ.Flower	characteristic	cultivar	Col-0	http://www.ebi.ac.uk/efo/EFO_0005148
E-PROT-135		ppb.iBAQ.Flower	characteristic	developmental stage	whole plant flowering stage	http://purl.obolibrary.org/obo/PO_0007016
E-PROT-135		ppb.iBAQ.Flower	characteristic	genotype	wild type genotype
E-PROT-135		ppb.iBAQ.Flower	characteristic	growth condition	continuous light regimen	http://purl.obolibrary.org/obo/EO_0007162
E-PROT-135		ppb.iBAQ.Flower	characteristic	organism	Arabidopsis thaliana	http://purl.obolibrary.org/obo/NCBITaxon_3702
E-PROT-135		ppb.iBAQ.Flower	characteristic	organism part	flower	http://purl.obolibrary.org/obo/PO_0009046
E-PROT-135		ppb.iBAQ.Flower	characteristic	sampling site	flower (stage 15)
E-PROT-135		ppb.iBAQ.Flower	factor	growth condition	continuous light regimen	http://purl.obolibrary.org/obo/EO_0007162
E-PROT-135		ppb.iBAQ.Flower	factor	sampling site	flower (stage 15)
E-PROT-135		ppb.iBAQ.Flower pedicle	characteristic	age	28 to 35 day
E-PROT-135		ppb.iBAQ.Flower pedicle	characteristic	cell culture	none	http://www.ebi.ac.uk/efo/EFO_0001461
E-PROT-135		ppb.iBAQ.Flower pedicle	characteristic	cultivar	Col-0	http://www.ebi.ac.uk/efo/EFO_0005148
E-PROT-135		ppb.iBAQ.Flower pedicle	characteristic	developmental stage	whole plant flowering stage	http://purl.obolibrary.org/obo/PO_0007016
E-PROT-135		ppb.iBAQ.Flower pedicle	characteristic	genotype	wild type genotype
E-PROT-135		ppb.iBAQ.Flower pedicle	characteristic	growth condition	continuous light regimen	http://purl.obolibrary.org/obo/EO_0007162
E-PROT-135		ppb.iBAQ.Flower pedicle	characteristic	organism	Arabidopsis thaliana	http://purl.obolibrary.org/obo/NCBITaxon_3702
E-PROT-135		ppb.iBAQ.Flower pedicle	characteristic	organism part	pedicel	http://purl.obolibrary.org/obo/UBERON_3000692
E-PROT-135		ppb.iBAQ.Flower pedicle	characteristic	sampling site	flower pedicle (flower stage 15)
E-PROT-135		ppb.iBAQ.Flower pedicle	factor	growth condition	continuous light regimen	http://purl.obolibrary.org/obo/EO_0007162
E-PROT-135		ppb.iBAQ.Flower pedicle	factor	sampling site	flower pedicle (flower stage 15)
E-PROT-135		ppb.iBAQ.Hypocotyl	characteristic	age	7 day
E-PROT-135		ppb.iBAQ.Hypocotyl	characteristic	cell culture	none	http://www.ebi.ac.uk/efo/EFO_0001461
E-PROT-135		ppb.iBAQ.Hypocotyl	characteristic	cultivar	Col-0	http://www.ebi.ac.uk/efo/EFO_0005148
E-PROT-135		ppb.iBAQ.Hypocotyl	characteristic	developmental stage	seedling development stage	http://purl.obolibrary.org/obo/PO_0007131
E-PROT-135		ppb.iBAQ.Hypocotyl	characteristic	genotype	wild type genotype
E-PROT-135		ppb.iBAQ.Hypocotyl	characteristic	growth condition	continuous light regimen	http://purl.obolibrary.org/obo/EO_0007162
E-PROT-135		ppb.iBAQ.Hypocotyl	characteristic	organism	Arabidopsis thaliana	http://purl.obolibrary.org/obo/NCBITaxon_3702
E-PROT-135		ppb.iBAQ.Hypocotyl	characteristic	organism part	hypocotyl	http://purl.obolibrary.org/obo/PO_0020100
E-PROT-135		ppb.iBAQ.Hypocotyl	characteristic	sampling site	hypocotyl	http://purl.obolibrary.org/obo/PO_0020100
E-PROT-135		ppb.iBAQ.Hypocotyl	factor	growth condition	continuous light regimen	http://purl.obolibrary.org/obo/EO_0007162
E-PROT-135		ppb.iBAQ.Hypocotyl	factor	sampling site	hypocotyl	http://purl.obolibrary.org/obo/PO_0020100
E-PROT-135		ppb.iBAQ.Internode	characteristic	age	30 day
E-PROT-135		ppb.iBAQ.Internode	characteristic	cell culture	none	http://www.ebi.ac.uk/efo/EFO_0001461
E-PROT-135		ppb.iBAQ.Internode	characteristic	cultivar	Col-0	http://www.ebi.ac.uk/efo/EFO_0005148
E-PROT-135		ppb.iBAQ.Internode	characteristic	developmental stage	whole plant flowering stage	http://purl.obolibrary.org/obo/PO_0007016
E-PROT-135		ppb.iBAQ.Internode	characteristic	genotype	wild type genotype
E-PROT-135		ppb.iBAQ.Internode	characteristic	growth condition	continuous light regimen	http://purl.obolibrary.org/obo/EO_0007162
E-PROT-135		ppb.iBAQ.Internode	characteristic	organism	Arabidopsis thaliana	http://purl.obolibrary.org/obo/NCBITaxon_3702
E-PROT-135		ppb.iBAQ.Internode	characteristic	organism part	stem internode	http://purl.obolibrary.org/obo/PO_0020142
E-PROT-135		ppb.iBAQ.Internode	characteristic	sampling site	stem, 2nd internode
E-PROT-135		ppb.iBAQ.Internode	factor	growth condition	continuous light regimen	http://purl.obolibrary.org/obo/EO_0007162
E-PROT-135		ppb.iBAQ.Internode	factor	sampling site	stem, 2nd internode
E-PROT-135		ppb.iBAQ.Leaf distal	characteristic	age	22 day
E-PROT-135		ppb.iBAQ.Leaf distal	characteristic	cell culture	none	http://www.ebi.ac.uk/efo/EFO_0001461
E-PROT-135		ppb.iBAQ.Leaf distal	characteristic	cultivar	Col-0	http://www.ebi.ac.uk/efo/EFO_0005148
E-PROT-135		ppb.iBAQ.Leaf distal	characteristic	developmental stage	sporophyte development stage
E-PROT-135		ppb.iBAQ.Leaf distal	characteristic	genotype	wild type genotype
E-PROT-135		ppb.iBAQ.Leaf distal	characteristic	growth condition	continuous light regimen	http://purl.obolibrary.org/obo/EO_0007162
E-PROT-135		ppb.iBAQ.Leaf distal	characteristic	organism	Arabidopsis thaliana	http://purl.obolibrary.org/obo/NCBITaxon_3702
E-PROT-135		ppb.iBAQ.Leaf distal	characteristic	organism part	leaf tip	http://purl.obolibrary.org/obo/PO_0025142
E-PROT-135		ppb.iBAQ.Leaf distal	characteristic	sampling site	rosette leaf 7, distal part
E-PROT-135		ppb.iBAQ.Leaf distal	factor	growth condition	continuous light regimen	http://purl.obolibrary.org/obo/EO_0007162
E-PROT-135		ppb.iBAQ.Leaf distal	factor	sampling site	rosette leaf 7, distal part
E-PROT-135		ppb.iBAQ.Leaf petiole	characteristic	age	22 day
E-PROT-135		ppb.iBAQ.Leaf petiole	characteristic	cell culture	none	http://www.ebi.ac.uk/efo/EFO_0001461
E-PROT-135		ppb.iBAQ.Leaf petiole	characteristic	cultivar	Col-0	http://www.ebi.ac.uk/efo/EFO_0005148
E-PROT-135		ppb.iBAQ.Leaf petiole	characteristic	developmental stage	sporophyte development stage
E-PROT-135		ppb.iBAQ.Leaf petiole	characteristic	genotype	wild type genotype
E-PROT-135		ppb.iBAQ.Leaf petiole	characteristic	growth condition	continuous light regimen	http://purl.obolibrary.org/obo/EO_0007162
E-PROT-135		ppb.iBAQ.Leaf petiole	characteristic	organism	Arabidopsis thaliana	http://purl.obolibrary.org/obo/NCBITaxon_3702
E-PROT-135		ppb.iBAQ.Leaf petiole	characteristic	organism part	leaf base	http://purl.obolibrary.org/obo/PO_0020040
E-PROT-135		ppb.iBAQ.Leaf petiole	characteristic	sampling site	rosette leaf 7, petiole
E-PROT-135		ppb.iBAQ.Leaf petiole	factor	growth condition	continuous light regimen	http://purl.obolibrary.org/obo/EO_0007162
E-PROT-135		ppb.iBAQ.Leaf petiole	factor	sampling site	rosette leaf 7, petiole
E-PROT-135		ppb.iBAQ.Leaf proximal	characteristic	age	22 day
E-PROT-135		ppb.iBAQ.Leaf proximal	characteristic	cell culture	none	http://www.ebi.ac.uk/efo/EFO_0001461
E-PROT-135		ppb.iBAQ.Leaf proximal	characteristic	cultivar	Col-0	http://www.ebi.ac.uk/efo/EFO_0005148
E-PROT-135		ppb.iBAQ.Leaf proximal	characteristic	developmental stage	sporophyte development stage
E-PROT-135		ppb.iBAQ.Leaf proximal	characteristic	genotype	wild type genotype
E-PROT-135		ppb.iBAQ.Leaf proximal	characteristic	growth condition	continuous light regimen	http://purl.obolibrary.org/obo/EO_0007162
E-PROT-135		ppb.iBAQ.Leaf proximal	characteristic	organism	Arabidopsis thaliana	http://purl.obolibrary.org/obo/NCBITaxon_3702
E-PROT-135		ppb.iBAQ.Leaf proximal	characteristic	organism part	leaf	http://purl.obolibrary.org/obo/PO_0025034
E-PROT-135		ppb.iBAQ.Leaf proximal	characteristic	sampling site	rosette leaf 7, proximal part
E-PROT-135		ppb.iBAQ.Leaf proximal	factor	growth condition	continuous light regimen	http://purl.obolibrary.org/obo/EO_0007162
E-PROT-135		ppb.iBAQ.Leaf proximal	factor	sampling site	rosette leaf 7, proximal part
E-PROT-135		ppb.iBAQ.Node	characteristic	age	30 day
E-PROT-135		ppb.iBAQ.Node	characteristic	cell culture	none	http://www.ebi.ac.uk/efo/EFO_0001461
E-PROT-135		ppb.iBAQ.Node	characteristic	cultivar	Col-0	http://www.ebi.ac.uk/efo/EFO_0005148
E-PROT-135		ppb.iBAQ.Node	characteristic	developmental stage	whole plant flowering stage	http://purl.obolibrary.org/obo/PO_0007016
E-PROT-135		ppb.iBAQ.Node	characteristic	genotype	wild type genotype
E-PROT-135		ppb.iBAQ.Node	characteristic	growth condition	continuous light regimen	http://purl.obolibrary.org/obo/EO_0007162
E-PROT-135		ppb.iBAQ.Node	characteristic	organism	Arabidopsis thaliana	http://purl.obolibrary.org/obo/NCBITaxon_3702
E-PROT-135		ppb.iBAQ.Node	characteristic	organism part	stem node	http://purl.obolibrary.org/obo/PO_0020141
E-PROT-135		ppb.iBAQ.Node	characteristic	sampling site	stem, 1st node
E-PROT-135		ppb.iBAQ.Node	factor	growth condition	continuous light regimen	http://purl.obolibrary.org/obo/EO_0007162
E-PROT-135		ppb.iBAQ.Node	factor	sampling site	stem, 1st node
E-PROT-135		ppb.iBAQ.Petal	characteristic	age	28 to 35 day
E-PROT-135		ppb.iBAQ.Petal	characteristic	cell culture	none	http://www.ebi.ac.uk/efo/EFO_0001461
E-PROT-135		ppb.iBAQ.Petal	characteristic	cultivar	Col-0	http://www.ebi.ac.uk/efo/EFO_0005148
E-PROT-135		ppb.iBAQ.Petal	characteristic	developmental stage	whole plant flowering stage	http://purl.obolibrary.org/obo/PO_0007016
E-PROT-135		ppb.iBAQ.Petal	characteristic	genotype	wild type genotype
E-PROT-135		ppb.iBAQ.Petal	characteristic	growth condition	continuous light regimen	http://purl.obolibrary.org/obo/EO_0007162
E-PROT-135		ppb.iBAQ.Petal	characteristic	organism	Arabidopsis thaliana	http://purl.obolibrary.org/obo/NCBITaxon_3702
E-PROT-135		ppb.iBAQ.Petal	characteristic	organism part	petal	http://purl.obolibrary.org/obo/PO_0009032
E-PROT-135		ppb.iBAQ.Petal	characteristic	sampling site	petal (flower stage 15)
E-PROT-135		ppb.iBAQ.Petal	factor	growth condition	continuous light regimen	http://purl.obolibrary.org/obo/EO_0007162
E-PROT-135		ppb.iBAQ.Petal	factor	sampling site	petal (flower stage 15)
E-PROT-135		ppb.iBAQ.Pollen	characteristic	age	28 to 35 day
E-PROT-135		ppb.iBAQ.Pollen	characteristic	cell culture	none	http://www.ebi.ac.uk/efo/EFO_0001461
E-PROT-135		ppb.iBAQ.Pollen	characteristic	cultivar	Col-0	http://www.ebi.ac.uk/efo/EFO_0005148
E-PROT-135		ppb.iBAQ.Pollen	characteristic	developmental stage	whole plant flowering stage	http://purl.obolibrary.org/obo/PO_0007016
E-PROT-135		ppb.iBAQ.Pollen	characteristic	genotype	wild type genotype
E-PROT-135		ppb.iBAQ.Pollen	characteristic	growth condition	long day length regimen (16h/8h)
E-PROT-135		ppb.iBAQ.Pollen	characteristic	organism	Arabidopsis thaliana	http://purl.obolibrary.org/obo/NCBITaxon_3702
E-PROT-135		ppb.iBAQ.Pollen	characteristic	organism part	pollen	http://purl.obolibrary.org/obo/PO_0025281
E-PROT-135		ppb.iBAQ.Pollen	characteristic	sampling site	pollen	http://purl.obolibrary.org/obo/PO_0025281
E-PROT-135		ppb.iBAQ.Pollen	factor	growth condition	long day length regimen (16h/8h)
E-PROT-135		ppb.iBAQ.Pollen	factor	sampling site	pollen	http://purl.obolibrary.org/obo/PO_0025281
E-PROT-135		ppb.iBAQ.Root	characteristic	age	22 day
E-PROT-135		ppb.iBAQ.Root	characteristic	cell culture	none	http://www.ebi.ac.uk/efo/EFO_0001461
E-PROT-135		ppb.iBAQ.Root	characteristic	cultivar	Col-0	http://www.ebi.ac.uk/efo/EFO_0005148
E-PROT-135		ppb.iBAQ.Root	characteristic	developmental stage	sporophyte development stage
E-PROT-135		ppb.iBAQ.Root	characteristic	genotype	wild type genotype
E-PROT-135		ppb.iBAQ.Root	characteristic	growth condition	continuous light regimen	http://purl.obolibrary.org/obo/EO_0007162
E-PROT-135		ppb.iBAQ.Root	characteristic	organism	Arabidopsis thaliana	http://purl.obolibrary.org/obo/NCBITaxon_3702
E-PROT-135		ppb.iBAQ.Root	characteristic	organism part	root	http://purl.obolibrary.org/obo/PO_0009005
E-PROT-135		ppb.iBAQ.Root	characteristic	sampling site	root	http://purl.obolibrary.org/obo/PO_0009005
E-PROT-135		ppb.iBAQ.Root	factor	growth condition	continuous light regimen	http://purl.obolibrary.org/obo/EO_0007162
E-PROT-135		ppb.iBAQ.Root	factor	sampling site	root	http://purl.obolibrary.org/obo/PO_0009005
E-PROT-135		ppb.iBAQ.Root tip	characteristic	age	7 day
E-PROT-135		ppb.iBAQ.Root tip	characteristic	cell culture	none	http://www.ebi.ac.uk/efo/EFO_0001461
E-PROT-135		ppb.iBAQ.Root tip	characteristic	cultivar	Col-0	http://www.ebi.ac.uk/efo/EFO_0005148
E-PROT-135		ppb.iBAQ.Root tip	characteristic	developmental stage	seedling development stage	http://purl.obolibrary.org/obo/PO_0007131
E-PROT-135		ppb.iBAQ.Root tip	characteristic	genotype	wild type genotype
E-PROT-135		ppb.iBAQ.Root tip	characteristic	growth condition	continuous light regimen	http://purl.obolibrary.org/obo/EO_0007162
E-PROT-135		ppb.iBAQ.Root tip	characteristic	organism	Arabidopsis thaliana	http://purl.obolibrary.org/obo/NCBITaxon_3702
E-PROT-135		ppb.iBAQ.Root tip	characteristic	organism part	root tip	http://purl.obolibrary.org/obo/PO_0000025
E-PROT-135		ppb.iBAQ.Root tip	characteristic	sampling site	root tip	http://purl.obolibrary.org/obo/PO_0000025
E-PROT-135		ppb.iBAQ.Root tip	factor	growth condition	continuous light regimen	http://purl.obolibrary.org/obo/EO_0007162
E-PROT-135		ppb.iBAQ.Root tip	factor	sampling site	root tip	http://purl.obolibrary.org/obo/PO_0000025
E-PROT-135		ppb.iBAQ.Root upper zone	characteristic	age	7 day
E-PROT-135		ppb.iBAQ.Root upper zone	characteristic	cell culture	none	http://www.ebi.ac.uk/efo/EFO_0001461
E-PROT-135		ppb.iBAQ.Root upper zone	characteristic	cultivar	Col-0	http://www.ebi.ac.uk/efo/EFO_0005148
E-PROT-135		ppb.iBAQ.Root upper zone	characteristic	developmental stage	seedling development stage	http://purl.obolibrary.org/obo/PO_0007131
E-PROT-135		ppb.iBAQ.Root upper zone	characteristic	genotype	wild type genotype
E-PROT-135		ppb.iBAQ.Root upper zone	characteristic	growth condition	continuous light regimen	http://purl.obolibrary.org/obo/EO_0007162
E-PROT-135		ppb.iBAQ.Root upper zone	characteristic	organism	Arabidopsis thaliana	http://purl.obolibrary.org/obo/NCBITaxon_3702
E-PROT-135		ppb.iBAQ.Root upper zone	characteristic	organism part	root	http://purl.obolibrary.org/obo/PO_0009005
E-PROT-135		ppb.iBAQ.Root upper zone	characteristic	sampling site	root upper zone
E-PROT-135		ppb.iBAQ.Root upper zone	factor	growth condition	continuous light regimen	http://purl.obolibrary.org/obo/EO_0007162
E-PROT-135		ppb.iBAQ.Root upper zone	factor	sampling site	root upper zone
E-PROT-135		ppb.iBAQ.Seed	characteristic	age	not available
E-PROT-135		ppb.iBAQ.Seed	characteristic	cell culture	none	http://www.ebi.ac.uk/efo/EFO_0001461
E-PROT-135		ppb.iBAQ.Seed	characteristic	cultivar	Col-0	http://www.ebi.ac.uk/efo/EFO_0005148
E-PROT-135		ppb.iBAQ.Seed	characteristic	developmental stage	sporophyte development stage
E-PROT-135		ppb.iBAQ.Seed	characteristic	genotype	wild type genotype
E-PROT-135		ppb.iBAQ.Seed	characteristic	growth condition	continuous light regimen	http://purl.obolibrary.org/obo/EO_0007162
E-PROT-135		ppb.iBAQ.Seed	characteristic	organism	Arabidopsis thaliana	http://purl.obolibrary.org/obo/NCBITaxon_3702
E-PROT-135		ppb.iBAQ.Seed	characteristic	organism part	seed	http://purl.obolibrary.org/obo/PO_0009010
E-PROT-135		ppb.iBAQ.Seed	characteristic	sampling site	seed (mature, dry)
E-PROT-135		ppb.iBAQ.Seed	factor	growth condition	continuous light regimen	http://purl.obolibrary.org/obo/EO_0007162
E-PROT-135		ppb.iBAQ.Seed	factor	sampling site	seed (mature, dry)
E-PROT-135		ppb.iBAQ.Seed imbibed	characteristic	age	not available
E-PROT-135		ppb.iBAQ.Seed imbibed	characteristic	cell culture	none	http://www.ebi.ac.uk/efo/EFO_0001461
E-PROT-135		ppb.iBAQ.Seed imbibed	characteristic	cultivar	Col-0	http://www.ebi.ac.uk/efo/EFO_0005148
E-PROT-135		ppb.iBAQ.Seed imbibed	characteristic	developmental stage	seed imbibition stage	http://purl.obolibrary.org/obo/PO_0007022
E-PROT-135		ppb.iBAQ.Seed imbibed	characteristic	genotype	wild type genotype
E-PROT-135		ppb.iBAQ.Seed imbibed	characteristic	growth condition	continuous light regimen	http://purl.obolibrary.org/obo/EO_0007162
E-PROT-135		ppb.iBAQ.Seed imbibed	characteristic	organism	Arabidopsis thaliana	http://purl.obolibrary.org/obo/NCBITaxon_3702
E-PROT-135		ppb.iBAQ.Seed imbibed	characteristic	organism part	seed	http://purl.obolibrary.org/obo/PO_0009010
E-PROT-135		ppb.iBAQ.Seed imbibed	characteristic	sampling site	seed (mature, imbibed)
E-PROT-135		ppb.iBAQ.Seed imbibed	factor	growth condition	continuous light regimen	http://purl.obolibrary.org/obo/EO_0007162
E-PROT-135		ppb.iBAQ.Seed imbibed	factor	sampling site	seed (mature, imbibed)
E-PROT-135		ppb.iBAQ.Senescent leaf	characteristic	age	35 day
E-PROT-135		ppb.iBAQ.Senescent leaf	characteristic	cell culture	none	http://www.ebi.ac.uk/efo/EFO_0001461
E-PROT-135		ppb.iBAQ.Senescent leaf	characteristic	cultivar	Col-0	http://www.ebi.ac.uk/efo/EFO_0005148
E-PROT-135		ppb.iBAQ.Senescent leaf	characteristic	developmental stage	sporophyte development stage
E-PROT-135		ppb.iBAQ.Senescent leaf	characteristic	genotype	wild type genotype
E-PROT-135		ppb.iBAQ.Senescent leaf	characteristic	growth condition	continuous light regimen	http://purl.obolibrary.org/obo/EO_0007162
E-PROT-135		ppb.iBAQ.Senescent leaf	characteristic	organism	Arabidopsis thaliana	http://purl.obolibrary.org/obo/NCBITaxon_3702
E-PROT-135		ppb.iBAQ.Senescent leaf	characteristic	organism part	leaf	http://purl.obolibrary.org/obo/PO_0025034
E-PROT-135		ppb.iBAQ.Senescent leaf	characteristic	sampling site	senescent leaf
E-PROT-135		ppb.iBAQ.Senescent leaf	factor	growth condition	continuous light regimen	http://purl.obolibrary.org/obo/EO_0007162
E-PROT-135		ppb.iBAQ.Senescent leaf	factor	sampling site	senescent leaf
E-PROT-135		ppb.iBAQ.Sepal	characteristic	age	28 to 35 day
E-PROT-135		ppb.iBAQ.Sepal	characteristic	cell culture	none	http://www.ebi.ac.uk/efo/EFO_0001461
E-PROT-135		ppb.iBAQ.Sepal	characteristic	cultivar	Col-0	http://www.ebi.ac.uk/efo/EFO_0005148
E-PROT-135		ppb.iBAQ.Sepal	characteristic	developmental stage	whole plant flowering stage	http://purl.obolibrary.org/obo/PO_0007016
E-PROT-135		ppb.iBAQ.Sepal	characteristic	genotype	wild type genotype
E-PROT-135		ppb.iBAQ.Sepal	characteristic	growth condition	continuous light regimen	http://purl.obolibrary.org/obo/EO_0007162
E-PROT-135		ppb.iBAQ.Sepal	characteristic	organism	Arabidopsis thaliana	http://purl.obolibrary.org/obo/NCBITaxon_3702
E-PROT-135		ppb.iBAQ.Sepal	characteristic	organism part	sepal	http://purl.obolibrary.org/obo/PO_0009031
E-PROT-135		ppb.iBAQ.Sepal	characteristic	sampling site	sepal (flower stage 15)
E-PROT-135		ppb.iBAQ.Sepal	factor	growth condition	continuous light regimen	http://purl.obolibrary.org/obo/EO_0007162
E-PROT-135		ppb.iBAQ.Sepal	factor	sampling site	sepal (flower stage 15)
E-PROT-135		ppb.iBAQ.Shoot tip	characteristic	age	7 day
E-PROT-135		ppb.iBAQ.Shoot tip	characteristic	cell culture	none	http://www.ebi.ac.uk/efo/EFO_0001461
E-PROT-135		ppb.iBAQ.Shoot tip	characteristic	cultivar	Col-0	http://www.ebi.ac.uk/efo/EFO_0005148
E-PROT-135		ppb.iBAQ.Shoot tip	characteristic	developmental stage	seedling development stage	http://purl.obolibrary.org/obo/PO_0007131
E-PROT-135		ppb.iBAQ.Shoot tip	characteristic	genotype	wild type genotype
E-PROT-135		ppb.iBAQ.Shoot tip	characteristic	growth condition	continuous light regimen	http://purl.obolibrary.org/obo/EO_0007162
E-PROT-135		ppb.iBAQ.Shoot tip	characteristic	organism	Arabidopsis thaliana	http://purl.obolibrary.org/obo/NCBITaxon_3702
E-PROT-135		ppb.iBAQ.Shoot tip	characteristic	organism part	shoot apex	http://purl.obolibrary.org/obo/PO_0000037
E-PROT-135		ppb.iBAQ.Shoot tip	characteristic	sampling site	shoot apical meristem, cotyledons and first leaves
E-PROT-135		ppb.iBAQ.Shoot tip	factor	growth condition	continuous light regimen	http://purl.obolibrary.org/obo/EO_0007162
E-PROT-135		ppb.iBAQ.Shoot tip	factor	sampling site	shoot apical meristem, cotyledons and first leaves
E-PROT-135		ppb.iBAQ.Silique	characteristic	age	28 to 35 day
E-PROT-135		ppb.iBAQ.Silique	characteristic	cell culture	none	http://www.ebi.ac.uk/efo/EFO_0001461
E-PROT-135		ppb.iBAQ.Silique	characteristic	cultivar	Col-0	http://www.ebi.ac.uk/efo/EFO_0005148
E-PROT-135		ppb.iBAQ.Silique	characteristic	developmental stage	whole plant flowering stage	http://purl.obolibrary.org/obo/PO_0007016
E-PROT-135		ppb.iBAQ.Silique	characteristic	genotype	wild type genotype
E-PROT-135		ppb.iBAQ.Silique	characteristic	growth condition	continuous light regimen	http://purl.obolibrary.org/obo/EO_0007162
E-PROT-135		ppb.iBAQ.Silique	characteristic	organism	Arabidopsis thaliana	http://purl.obolibrary.org/obo/NCBITaxon_3702
E-PROT-135		ppb.iBAQ.Silique	characteristic	organism part	silique fruit	http://purl.obolibrary.org/obo/PO_0030106
E-PROT-135		ppb.iBAQ.Silique	characteristic	sampling site	silique (stage 3)
E-PROT-135		ppb.iBAQ.Silique	factor	growth condition	continuous light regimen	http://purl.obolibrary.org/obo/EO_0007162
E-PROT-135		ppb.iBAQ.Silique	factor	sampling site	silique (stage 3)
E-PROT-135		ppb.iBAQ.Silique septum	characteristic	age	35 to 42 day
E-PROT-135		ppb.iBAQ.Silique septum	characteristic	cell culture	none	http://www.ebi.ac.uk/efo/EFO_0001461
E-PROT-135		ppb.iBAQ.Silique septum	characteristic	cultivar	Col-0	http://www.ebi.ac.uk/efo/EFO_0005148
E-PROT-135		ppb.iBAQ.Silique septum	characteristic	developmental stage	sporophyte development stage
E-PROT-135		ppb.iBAQ.Silique septum	characteristic	genotype	wild type genotype
E-PROT-135		ppb.iBAQ.Silique septum	characteristic	growth condition	continuous light regimen	http://purl.obolibrary.org/obo/EO_0007162
E-PROT-135		ppb.iBAQ.Silique septum	characteristic	organism	Arabidopsis thaliana	http://purl.obolibrary.org/obo/NCBITaxon_3702
E-PROT-135		ppb.iBAQ.Silique septum	characteristic	organism part	silique fruit	http://purl.obolibrary.org/obo/PO_0030106
E-PROT-135		ppb.iBAQ.Silique septum	characteristic	sampling site	silique septum
E-PROT-135		ppb.iBAQ.Silique septum	factor	growth condition	continuous light regimen	http://purl.obolibrary.org/obo/EO_0007162
E-PROT-135		ppb.iBAQ.Silique septum	factor	sampling site	silique septum
E-PROT-135		ppb.iBAQ.Silique valves	characteristic	age	35 to 42 day
E-PROT-135		ppb.iBAQ.Silique valves	characteristic	cell culture	none	http://www.ebi.ac.uk/efo/EFO_0001461
E-PROT-135		ppb.iBAQ.Silique valves	characteristic	cultivar	Col-0	http://www.ebi.ac.uk/efo/EFO_0005148
E-PROT-135		ppb.iBAQ.Silique valves	characteristic	developmental stage	sporophyte development stage
E-PROT-135		ppb.iBAQ.Silique valves	characteristic	genotype	wild type genotype
E-PROT-135		ppb.iBAQ.Silique valves	characteristic	growth condition	continuous light regimen	http://purl.obolibrary.org/obo/EO_0007162
E-PROT-135		ppb.iBAQ.Silique valves	characteristic	organism	Arabidopsis thaliana	http://purl.obolibrary.org/obo/NCBITaxon_3702
E-PROT-135		ppb.iBAQ.Silique valves	characteristic	organism part	silique fruit	http://purl.obolibrary.org/obo/PO_0030106
E-PROT-135		ppb.iBAQ.Silique valves	characteristic	sampling site	silique valves
E-PROT-135		ppb.iBAQ.Silique valves	factor	growth condition	continuous light regimen	http://purl.obolibrary.org/obo/EO_0007162
E-PROT-135		ppb.iBAQ.Silique valves	factor	sampling site	silique valves
E-PROT-135		ppb.iBAQ.Stamen	characteristic	age	28 to 35 day
E-PROT-135		ppb.iBAQ.Stamen	characteristic	cell culture	none	http://www.ebi.ac.uk/efo/EFO_0001461
E-PROT-135		ppb.iBAQ.Stamen	characteristic	cultivar	Col-0	http://www.ebi.ac.uk/efo/EFO_0005148
E-PROT-135		ppb.iBAQ.Stamen	characteristic	developmental stage	whole plant flowering stage	http://purl.obolibrary.org/obo/PO_0007016
E-PROT-135		ppb.iBAQ.Stamen	characteristic	genotype	wild type genotype
E-PROT-135		ppb.iBAQ.Stamen	characteristic	growth condition	continuous light regimen	http://purl.obolibrary.org/obo/EO_0007162
E-PROT-135		ppb.iBAQ.Stamen	characteristic	organism	Arabidopsis thaliana	http://purl.obolibrary.org/obo/NCBITaxon_3702
E-PROT-135		ppb.iBAQ.Stamen	characteristic	organism part	stamen	http://purl.obolibrary.org/obo/PO_0009029
E-PROT-135		ppb.iBAQ.Stamen	characteristic	sampling site	stamen (flower stage 15)
E-PROT-135		ppb.iBAQ.Stamen	factor	growth condition	continuous light regimen	http://purl.obolibrary.org/obo/EO_0007162
E-PROT-135		ppb.iBAQ.Stamen	factor	sampling site	stamen (flower stage 15)
