<?xml version="1.0" encoding="UTF-8"?>

<configuration experimentType="proteomics_baseline" r_data="0">
    <analytics>
        <assay_groups>
            <assay_group id="g1" label="continuous light regimen; 1st cauline leaf">
                <assay>ppb.iBAQ.Cauline leaf</assay>
            </assay_group>
            <assay_group id="g2" label="continuous light regimen; callus">
                <assay>ppb.iBAQ.Callus</assay>
            </assay_group>
            <assay_group id="g3" label="continuous light regimen; carpel (flower stage 15)">
                <assay>ppb.iBAQ.Carpel</assay>
            </assay_group>
            <assay_group id="g4" label="continuous light regimen; cotyledons">
                <assay>ppb.iBAQ.Cotyledons</assay>
            </assay_group>
            <assay_group id="g5" label="continuous light regimen; egg-cell like callus">
                <assay>ppb.iBAQ.Egg-cell like callus</assay>
            </assay_group>
            <assay_group id="g6" label="continuous light regimen; flower (stage 15)">
                <assay>ppb.iBAQ.Flower</assay>
            </assay_group>
            <assay_group id="g7" label="continuous light regimen; flower pedicle (flower stage 15)">
                <assay>ppb.iBAQ.Flower pedicle</assay>
            </assay_group>
            <assay_group id="g8" label="continuous light regimen; hypocotyl">
                <assay>ppb.iBAQ.Hypocotyl</assay>
            </assay_group>
            <assay_group id="g9" label="continuous light regimen; petal (flower stage 15)">
                <assay>ppb.iBAQ.Petal</assay>
            </assay_group>
            <assay_group id="g10" label="continuous light regimen; root">
                <assay>ppb.iBAQ.Root</assay>
            </assay_group>
            <assay_group id="g11" label="continuous light regimen; root cell culture (early)">
                <assay>ppb.iBAQ.Cell culture early</assay>
            </assay_group>
            <assay_group id="g12" label="continuous light regimen; root cell culture (late)">
                <assay>ppb.iBAQ.Cell culture late</assay>
            </assay_group>
            <assay_group id="g13" label="continuous light regimen; root tip">
                <assay>ppb.iBAQ.Root tip</assay>
            </assay_group>
            <assay_group id="g14" label="continuous light regimen; root upper zone">
                <assay>ppb.iBAQ.Root upper zone</assay>
            </assay_group>
            <assay_group id="g15" label="continuous light regimen; rosette leaf 7, distal part">
                <assay>ppb.iBAQ.Leaf distal</assay>
            </assay_group>
            <assay_group id="g16" label="continuous light regimen; rosette leaf 7, petiole">
                <assay>ppb.iBAQ.Leaf petiole</assay>
            </assay_group>
            <assay_group id="g17" label="continuous light regimen; rosette leaf 7, proximal part">
                <assay>ppb.iBAQ.Leaf proximal</assay>
            </assay_group>
            <assay_group id="g18" label="continuous light regimen; seed (embryo stage 10)">
                <assay>ppb.iBAQ.Embryo</assay>
            </assay_group>
            <assay_group id="g19" label="continuous light regimen; seed (mature, dry)">
                <assay>ppb.iBAQ.Seed</assay>
            </assay_group>
            <assay_group id="g20" label="continuous light regimen; seed (mature, imbibed)">
                <assay>ppb.iBAQ.Seed imbibed</assay>
            </assay_group>
            <assay_group id="g21" label="continuous light regimen; senescent leaf">
                <assay>ppb.iBAQ.Senescent leaf</assay>
            </assay_group>
            <assay_group id="g22" label="continuous light regimen; sepal (flower stage 15)">
                <assay>ppb.iBAQ.Sepal</assay>
            </assay_group>
            <assay_group id="g23" label="continuous light regimen; shoot apical meristem, cotyledons and first leaves">
                <assay>ppb.iBAQ.Shoot tip</assay>
            </assay_group>
            <assay_group id="g24" label="continuous light regimen; silique (stage 3)">
                <assay>ppb.iBAQ.Silique</assay>
            </assay_group>
            <assay_group id="g25" label="continuous light regimen; silique septum">
                <assay>ppb.iBAQ.Silique septum</assay>
            </assay_group>
            <assay_group id="g26" label="continuous light regimen; silique valves">
                <assay>ppb.iBAQ.Silique valves</assay>
            </assay_group>
            <assay_group id="g27" label="continuous light regimen; stamen (flower stage 15)">
                <assay>ppb.iBAQ.Stamen</assay>
            </assay_group>
            <assay_group id="g28" label="continuous light regimen; stem, 1st node">
                <assay>ppb.iBAQ.Node</assay>
            </assay_group>
            <assay_group id="g29" label="continuous light regimen; stem, 2nd internode">
                <assay>ppb.iBAQ.Internode</assay>
            </assay_group>
            <assay_group id="g30" label="long day length regimen (16h/8h); pollen">
                <assay>ppb.iBAQ.Pollen</assay>
            </assay_group>
        </assay_groups>
    </analytics>
</configuration>
