<?xml version="1.0" encoding="UTF-8"?>

<configuration experimentType="rnaseq_mrna_baseline" r_data="1">
    <analytics>
        <assay_groups>
            <assay_group id="g1" label="Wu-0">
                <assay>SRR309183</assay>
                <assay>SRR309184</assay>
            </assay_group>
            <assay_group id="g2" label="Hi-0">
                <assay>SRR309160</assay>
                <assay>SRR309159</assay>
            </assay_group>
            <assay_group id="g3" label="No-0">
                <assay>SRR309167</assay>
                <assay>SRR309168</assay>
            </assay_group>
            <assay_group id="g4" label="Po-0">
                <assay>SRR309172</assay>
                <assay>SRR309171</assay>
            </assay_group>
            <assay_group id="g5" label="Mt-0">
                <assay>SRR309165</assay>
                <assay>SRR309166</assay>
            </assay_group>
            <assay_group id="g6" label="Tsu-0">
                <assay>SRR309177</assay>
                <assay>SRR309178</assay>
            </assay_group>
            <assay_group id="g7" label="Oy-0">
                <assay>SRR309170</assay>
                <assay>SRR309169</assay>
            </assay_group>
            <assay_group id="g8" label="Ler-0">
                <assay>SRR309164</assay>
                <assay>SRR309163</assay>
            </assay_group>
            <assay_group id="g9" label="Zu-0">
                <assay>SRR309186</assay>
                <assay>SRR309185</assay>
            </assay_group>
            <assay_group id="g10" label="Rsch-4">
                <assay>SRR309174</assay>
                <assay>SRR309173</assay>
            </assay_group>
            <assay_group id="g11" label="Ws-0">
                <assay>SRR309182</assay>
                <assay>SRR309181</assay>
            </assay_group>
            <assay_group id="g12" label="Can-0">
                <assay>SRR309152</assay>
                <assay>SRR309151</assay>
            </assay_group>
            <assay_group id="g13" label="Bur-0">
                <assay>SRR309149</assay>
                <assay>SRR309150</assay>
            </assay_group>
            <assay_group id="g14" label="Kn-0">
                <assay>SRR309161</assay>
                <assay>SRR309162</assay>
            </assay_group>
            <assay_group id="g15" label="Edi-0">
                <assay>SRR309157</assay>
                <assay>SRR309158</assay>
            </assay_group>
            <assay_group id="g16" label="Sf-2">
                <assay>SRR309175</assay>
                <assay>SRR309176</assay>
            </assay_group>
            <assay_group id="g17" label="Ct-1">
                <assay>SRR309156</assay>
                <assay>SRR309155</assay>
            </assay_group>
            <assay_group id="g18" label="Wil-2">
                <assay>SRR309180</assay>
                <assay>SRR309179</assay>
            </assay_group>
            <assay_group id="g19" label="Col-0">
                <assay technical_replicate_id="t1">SRR309145</assay>
                <assay technical_replicate_id="t1">SRR309148</assay>
                <assay technical_replicate_id="t1">SRR309146</assay>
                <assay technical_replicate_id="t1">SRR309147</assay>
                <assay>SRR309153</assay>
                <assay>SRR309154</assay>
            </assay_group>
        </assay_groups>
    </analytics>
</configuration>
