E-GEOD-30720		SRR309145	characteristic	age	11 day
E-GEOD-30720		SRR309145	characteristic	developmental stage	seedling	http://purl.obolibrary.org/obo/PO_0007131
E-GEOD-30720		SRR309145	characteristic	ecotype	Col-0	http://www.ebi.ac.uk/efo/EFO_0005148
E-GEOD-30720		SRR309145	characteristic	organism	Arabidopsis thaliana	http://purl.obolibrary.org/obo/NCBITaxon_3702
E-GEOD-30720		SRR309145	characteristic	replicate	Col_0_tech_rep_1
E-GEOD-30720		SRR309145	factor	ecotype	Col-0	http://www.ebi.ac.uk/efo/EFO_0005148
E-GEOD-30720		SRR309146	characteristic	age	11 day
E-GEOD-30720		SRR309146	characteristic	developmental stage	seedling	http://purl.obolibrary.org/obo/PO_0007131
E-GEOD-30720		SRR309146	characteristic	ecotype	Col-0	http://www.ebi.ac.uk/efo/EFO_0005148
E-GEOD-30720		SRR309146	characteristic	organism	Arabidopsis thaliana	http://purl.obolibrary.org/obo/NCBITaxon_3702
E-GEOD-30720		SRR309146	characteristic	replicate	Col_0_tech_rep_2
E-GEOD-30720		SRR309146	factor	ecotype	Col-0	http://www.ebi.ac.uk/efo/EFO_0005148
E-GEOD-30720		SRR309147	characteristic	age	11 day
E-GEOD-30720		SRR309147	characteristic	developmental stage	seedling	http://purl.obolibrary.org/obo/PO_0007131
E-GEOD-30720		SRR309147	characteristic	ecotype	Col-0	http://www.ebi.ac.uk/efo/EFO_0005148
E-GEOD-30720		SRR309147	characteristic	organism	Arabidopsis thaliana	http://purl.obolibrary.org/obo/NCBITaxon_3702
E-GEOD-30720		SRR309147	characteristic	replicate	Col_0_tech_rep_3
E-GEOD-30720		SRR309147	factor	ecotype	Col-0	http://www.ebi.ac.uk/efo/EFO_0005148
E-GEOD-30720		SRR309148	characteristic	age	11 day
E-GEOD-30720		SRR309148	characteristic	developmental stage	seedling	http://purl.obolibrary.org/obo/PO_0007131
E-GEOD-30720		SRR309148	characteristic	ecotype	Col-0	http://www.ebi.ac.uk/efo/EFO_0005148
E-GEOD-30720		SRR309148	characteristic	organism	Arabidopsis thaliana	http://purl.obolibrary.org/obo/NCBITaxon_3702
E-GEOD-30720		SRR309148	characteristic	replicate	Col_0_tech_rep_4
E-GEOD-30720		SRR309148	factor	ecotype	Col-0	http://www.ebi.ac.uk/efo/EFO_0005148
E-GEOD-30720		SRR309149	characteristic	age	11 day
E-GEOD-30720		SRR309149	characteristic	developmental stage	seedling	http://purl.obolibrary.org/obo/PO_0007131
E-GEOD-30720		SRR309149	characteristic	ecotype	Bur-0	http://www.ebi.ac.uk/efo/EFO_0005170
E-GEOD-30720		SRR309149	characteristic	organism	Arabidopsis thaliana	http://purl.obolibrary.org/obo/NCBITaxon_3702
E-GEOD-30720		SRR309149	characteristic	replicate	Bur-0_bio_rep_1
E-GEOD-30720		SRR309149	factor	ecotype	Bur-0	http://www.ebi.ac.uk/efo/EFO_0005170
E-GEOD-30720		SRR309150	characteristic	age	11 day
E-GEOD-30720		SRR309150	characteristic	developmental stage	seedling	http://purl.obolibrary.org/obo/PO_0007131
E-GEOD-30720		SRR309150	characteristic	ecotype	Bur-0	http://www.ebi.ac.uk/efo/EFO_0005170
E-GEOD-30720		SRR309150	characteristic	organism	Arabidopsis thaliana	http://purl.obolibrary.org/obo/NCBITaxon_3702
E-GEOD-30720		SRR309150	characteristic	replicate	Bur-0_bio_rep_2
E-GEOD-30720		SRR309150	factor	ecotype	Bur-0	http://www.ebi.ac.uk/efo/EFO_0005170
E-GEOD-30720		SRR309151	characteristic	age	11 day
E-GEOD-30720		SRR309151	characteristic	developmental stage	seedling	http://purl.obolibrary.org/obo/PO_0007131
E-GEOD-30720		SRR309151	characteristic	ecotype	Can-0
E-GEOD-30720		SRR309151	characteristic	organism	Arabidopsis thaliana	http://purl.obolibrary.org/obo/NCBITaxon_3702
E-GEOD-30720		SRR309151	characteristic	replicate	Can-0_bio_rep_1
E-GEOD-30720		SRR309151	factor	ecotype	Can-0
E-GEOD-30720		SRR309152	characteristic	age	11 day
E-GEOD-30720		SRR309152	characteristic	developmental stage	seedling	http://purl.obolibrary.org/obo/PO_0007131
E-GEOD-30720		SRR309152	characteristic	ecotype	Can-0
E-GEOD-30720		SRR309152	characteristic	organism	Arabidopsis thaliana	http://purl.obolibrary.org/obo/NCBITaxon_3702
E-GEOD-30720		SRR309152	characteristic	replicate	Can-0_bio_rep_2
E-GEOD-30720		SRR309152	factor	ecotype	Can-0
E-GEOD-30720		SRR309153	characteristic	age	11 day
E-GEOD-30720		SRR309153	characteristic	developmental stage	seedling	http://purl.obolibrary.org/obo/PO_0007131
E-GEOD-30720		SRR309153	characteristic	ecotype	Col-0	http://www.ebi.ac.uk/efo/EFO_0005148
E-GEOD-30720		SRR309153	characteristic	organism	Arabidopsis thaliana	http://purl.obolibrary.org/obo/NCBITaxon_3702
E-GEOD-30720		SRR309153	characteristic	replicate	Col-0_bio_rep_1
E-GEOD-30720		SRR309153	factor	ecotype	Col-0	http://www.ebi.ac.uk/efo/EFO_0005148
E-GEOD-30720		SRR309154	characteristic	age	11 day
E-GEOD-30720		SRR309154	characteristic	developmental stage	seedling	http://purl.obolibrary.org/obo/PO_0007131
E-GEOD-30720		SRR309154	characteristic	ecotype	Col-0	http://www.ebi.ac.uk/efo/EFO_0005148
E-GEOD-30720		SRR309154	characteristic	organism	Arabidopsis thaliana	http://purl.obolibrary.org/obo/NCBITaxon_3702
E-GEOD-30720		SRR309154	characteristic	replicate	Col-0_bio_rep_2
E-GEOD-30720		SRR309154	factor	ecotype	Col-0	http://www.ebi.ac.uk/efo/EFO_0005148
E-GEOD-30720		SRR309155	characteristic	age	11 day
E-GEOD-30720		SRR309155	characteristic	developmental stage	seedling	http://purl.obolibrary.org/obo/PO_0007131
E-GEOD-30720		SRR309155	characteristic	ecotype	Ct-1	http://www.ebi.ac.uk/efo/EFO_0006982
E-GEOD-30720		SRR309155	characteristic	organism	Arabidopsis thaliana	http://purl.obolibrary.org/obo/NCBITaxon_3702
E-GEOD-30720		SRR309155	characteristic	replicate	Ct-1_bio_rep_1
E-GEOD-30720		SRR309155	factor	ecotype	Ct-1	http://www.ebi.ac.uk/efo/EFO_0006982
E-GEOD-30720		SRR309156	characteristic	age	11 day
E-GEOD-30720		SRR309156	characteristic	developmental stage	seedling	http://purl.obolibrary.org/obo/PO_0007131
E-GEOD-30720		SRR309156	characteristic	ecotype	Ct-1	http://www.ebi.ac.uk/efo/EFO_0006982
E-GEOD-30720		SRR309156	characteristic	organism	Arabidopsis thaliana	http://purl.obolibrary.org/obo/NCBITaxon_3702
E-GEOD-30720		SRR309156	characteristic	replicate	Ct-1_bio_rep_2
E-GEOD-30720		SRR309156	factor	ecotype	Ct-1	http://www.ebi.ac.uk/efo/EFO_0006982
E-GEOD-30720		SRR309157	characteristic	age	11 day
E-GEOD-30720		SRR309157	characteristic	developmental stage	seedling	http://purl.obolibrary.org/obo/PO_0007131
E-GEOD-30720		SRR309157	characteristic	ecotype	Edi-0
E-GEOD-30720		SRR309157	characteristic	organism	Arabidopsis thaliana	http://purl.obolibrary.org/obo/NCBITaxon_3702
E-GEOD-30720		SRR309157	characteristic	replicate	Edi-0_bio_rep_1
E-GEOD-30720		SRR309157	factor	ecotype	Edi-0
E-GEOD-30720		SRR309158	characteristic	age	11 day
E-GEOD-30720		SRR309158	characteristic	developmental stage	seedling	http://purl.obolibrary.org/obo/PO_0007131
E-GEOD-30720		SRR309158	characteristic	ecotype	Edi-0
E-GEOD-30720		SRR309158	characteristic	organism	Arabidopsis thaliana	http://purl.obolibrary.org/obo/NCBITaxon_3702
E-GEOD-30720		SRR309158	characteristic	replicate	Edi-0_bio_rep_2
E-GEOD-30720		SRR309158	factor	ecotype	Edi-0
E-GEOD-30720		SRR309159	characteristic	age	11 day
E-GEOD-30720		SRR309159	characteristic	developmental stage	seedling	http://purl.obolibrary.org/obo/PO_0007131
E-GEOD-30720		SRR309159	characteristic	ecotype	Hi-0	http://www.ebi.ac.uk/efo/EFO_0006980
E-GEOD-30720		SRR309159	characteristic	organism	Arabidopsis thaliana	http://purl.obolibrary.org/obo/NCBITaxon_3702
E-GEOD-30720		SRR309159	characteristic	replicate	Hi-0_bio_rep_1
E-GEOD-30720		SRR309159	factor	ecotype	Hi-0	http://www.ebi.ac.uk/efo/EFO_0006980
E-GEOD-30720		SRR309160	characteristic	age	11 day
E-GEOD-30720		SRR309160	characteristic	developmental stage	seedling	http://purl.obolibrary.org/obo/PO_0007131
E-GEOD-30720		SRR309160	characteristic	ecotype	Hi-0	http://www.ebi.ac.uk/efo/EFO_0006980
E-GEOD-30720		SRR309160	characteristic	organism	Arabidopsis thaliana	http://purl.obolibrary.org/obo/NCBITaxon_3702
E-GEOD-30720		SRR309160	characteristic	replicate	Hi-0_bio_rep_2
E-GEOD-30720		SRR309160	factor	ecotype	Hi-0	http://www.ebi.ac.uk/efo/EFO_0006980
E-GEOD-30720		SRR309161	characteristic	age	11 day
E-GEOD-30720		SRR309161	characteristic	developmental stage	seedling	http://purl.obolibrary.org/obo/PO_0007131
E-GEOD-30720		SRR309161	characteristic	ecotype	Kn-0	http://www.ebi.ac.uk/efo/EFO_0006978
E-GEOD-30720		SRR309161	characteristic	organism	Arabidopsis thaliana	http://purl.obolibrary.org/obo/NCBITaxon_3702
E-GEOD-30720		SRR309161	characteristic	replicate	Kn-0_bio_rep_1
E-GEOD-30720		SRR309161	factor	ecotype	Kn-0	http://www.ebi.ac.uk/efo/EFO_0006978
E-GEOD-30720		SRR309162	characteristic	age	11 day
E-GEOD-30720		SRR309162	characteristic	developmental stage	seedling	http://purl.obolibrary.org/obo/PO_0007131
E-GEOD-30720		SRR309162	characteristic	ecotype	Kn-0	http://www.ebi.ac.uk/efo/EFO_0006978
E-GEOD-30720		SRR309162	characteristic	organism	Arabidopsis thaliana	http://purl.obolibrary.org/obo/NCBITaxon_3702
E-GEOD-30720		SRR309162	characteristic	replicate	Kn-0_bio_rep_2
E-GEOD-30720		SRR309162	factor	ecotype	Kn-0	http://www.ebi.ac.uk/efo/EFO_0006978
E-GEOD-30720		SRR309163	characteristic	age	11 day
E-GEOD-30720		SRR309163	characteristic	developmental stage	seedling	http://purl.obolibrary.org/obo/PO_0007131
E-GEOD-30720		SRR309163	characteristic	ecotype	Ler-0	http://www.ebi.ac.uk/efo/EFO_0005154
E-GEOD-30720		SRR309163	characteristic	organism	Arabidopsis thaliana	http://purl.obolibrary.org/obo/NCBITaxon_3702
E-GEOD-30720		SRR309163	characteristic	replicate	Ler-0_bio_rep_1
E-GEOD-30720		SRR309163	factor	ecotype	Ler-0	http://www.ebi.ac.uk/efo/EFO_0005154
E-GEOD-30720		SRR309164	characteristic	age	11 day
E-GEOD-30720		SRR309164	characteristic	developmental stage	seedling	http://purl.obolibrary.org/obo/PO_0007131
E-GEOD-30720		SRR309164	characteristic	ecotype	Ler-0	http://www.ebi.ac.uk/efo/EFO_0005154
E-GEOD-30720		SRR309164	characteristic	organism	Arabidopsis thaliana	http://purl.obolibrary.org/obo/NCBITaxon_3702
E-GEOD-30720		SRR309164	characteristic	replicate	Ler-0_bio_rep_2
E-GEOD-30720		SRR309164	factor	ecotype	Ler-0	http://www.ebi.ac.uk/efo/EFO_0005154
E-GEOD-30720		SRR309165	characteristic	age	11 day
E-GEOD-30720		SRR309165	characteristic	developmental stage	seedling	http://purl.obolibrary.org/obo/PO_0007131
E-GEOD-30720		SRR309165	characteristic	ecotype	Mt-0	http://www.ebi.ac.uk/efo/EFO_0006962
E-GEOD-30720		SRR309165	characteristic	organism	Arabidopsis thaliana	http://purl.obolibrary.org/obo/NCBITaxon_3702
E-GEOD-30720		SRR309165	characteristic	replicate	Mt-0_bio_rep_1
E-GEOD-30720		SRR309165	factor	ecotype	Mt-0	http://www.ebi.ac.uk/efo/EFO_0006962
E-GEOD-30720		SRR309166	characteristic	age	11 day
E-GEOD-30720		SRR309166	characteristic	developmental stage	seedling	http://purl.obolibrary.org/obo/PO_0007131
E-GEOD-30720		SRR309166	characteristic	ecotype	Mt-0	http://www.ebi.ac.uk/efo/EFO_0006962
E-GEOD-30720		SRR309166	characteristic	organism	Arabidopsis thaliana	http://purl.obolibrary.org/obo/NCBITaxon_3702
E-GEOD-30720		SRR309166	characteristic	replicate	Mt-0_bio_rep_2
E-GEOD-30720		SRR309166	factor	ecotype	Mt-0	http://www.ebi.ac.uk/efo/EFO_0006962
E-GEOD-30720		SRR309167	characteristic	age	11 day
E-GEOD-30720		SRR309167	characteristic	developmental stage	seedling	http://purl.obolibrary.org/obo/PO_0007131
E-GEOD-30720		SRR309167	characteristic	ecotype	No-0	http://www.ebi.ac.uk/efo/EFO_0006976
E-GEOD-30720		SRR309167	characteristic	organism	Arabidopsis thaliana	http://purl.obolibrary.org/obo/NCBITaxon_3702
E-GEOD-30720		SRR309167	characteristic	replicate	No-0_bio_rep_1
E-GEOD-30720		SRR309167	factor	ecotype	No-0	http://www.ebi.ac.uk/efo/EFO_0006976
E-GEOD-30720		SRR309168	characteristic	age	11 day
E-GEOD-30720		SRR309168	characteristic	developmental stage	seedling	http://purl.obolibrary.org/obo/PO_0007131
E-GEOD-30720		SRR309168	characteristic	ecotype	No-0	http://www.ebi.ac.uk/efo/EFO_0006976
E-GEOD-30720		SRR309168	characteristic	organism	Arabidopsis thaliana	http://purl.obolibrary.org/obo/NCBITaxon_3702
E-GEOD-30720		SRR309168	characteristic	replicate	No-0_bio_rep_2
E-GEOD-30720		SRR309168	factor	ecotype	No-0	http://www.ebi.ac.uk/efo/EFO_0006976
E-GEOD-30720		SRR309169	characteristic	age	11 day
E-GEOD-30720		SRR309169	characteristic	developmental stage	seedling	http://purl.obolibrary.org/obo/PO_0007131
E-GEOD-30720		SRR309169	characteristic	ecotype	Oy-0	http://www.ebi.ac.uk/efo/EFO_0006974
E-GEOD-30720		SRR309169	characteristic	organism	Arabidopsis thaliana	http://purl.obolibrary.org/obo/NCBITaxon_3702
E-GEOD-30720		SRR309169	characteristic	replicate	Oy-0_bio_rep_1
E-GEOD-30720		SRR309169	factor	ecotype	Oy-0	http://www.ebi.ac.uk/efo/EFO_0006974
E-GEOD-30720		SRR309170	characteristic	age	11 day
E-GEOD-30720		SRR309170	characteristic	developmental stage	seedling	http://purl.obolibrary.org/obo/PO_0007131
E-GEOD-30720		SRR309170	characteristic	ecotype	Oy-0	http://www.ebi.ac.uk/efo/EFO_0006974
E-GEOD-30720		SRR309170	characteristic	organism	Arabidopsis thaliana	http://purl.obolibrary.org/obo/NCBITaxon_3702
E-GEOD-30720		SRR309170	characteristic	replicate	Oy-0_bio_rep_2
E-GEOD-30720		SRR309170	factor	ecotype	Oy-0	http://www.ebi.ac.uk/efo/EFO_0006974
E-GEOD-30720		SRR309171	characteristic	age	11 day
E-GEOD-30720		SRR309171	characteristic	developmental stage	seedling	http://purl.obolibrary.org/obo/PO_0007131
E-GEOD-30720		SRR309171	characteristic	ecotype	Po-0	http://www.ebi.ac.uk/efo/EFO_0006972
E-GEOD-30720		SRR309171	characteristic	organism	Arabidopsis thaliana	http://purl.obolibrary.org/obo/NCBITaxon_3702
E-GEOD-30720		SRR309171	characteristic	replicate	Po-0_bio_rep_1
E-GEOD-30720		SRR309171	factor	ecotype	Po-0	http://www.ebi.ac.uk/efo/EFO_0006972
E-GEOD-30720		SRR309172	characteristic	age	11 day
E-GEOD-30720		SRR309172	characteristic	developmental stage	seedling	http://purl.obolibrary.org/obo/PO_0007131
E-GEOD-30720		SRR309172	characteristic	ecotype	Po-0	http://www.ebi.ac.uk/efo/EFO_0006972
E-GEOD-30720		SRR309172	characteristic	organism	Arabidopsis thaliana	http://purl.obolibrary.org/obo/NCBITaxon_3702
E-GEOD-30720		SRR309172	characteristic	replicate	Po-0_bio_rep_2
E-GEOD-30720		SRR309172	factor	ecotype	Po-0	http://www.ebi.ac.uk/efo/EFO_0006972
E-GEOD-30720		SRR309173	characteristic	age	11 day
E-GEOD-30720		SRR309173	characteristic	developmental stage	seedling	http://purl.obolibrary.org/obo/PO_0007131
E-GEOD-30720		SRR309173	characteristic	ecotype	Rsch-4
E-GEOD-30720		SRR309173	characteristic	organism	Arabidopsis thaliana	http://purl.obolibrary.org/obo/NCBITaxon_3702
E-GEOD-30720		SRR309173	characteristic	replicate	Rsch-4_bio_rep_1
E-GEOD-30720		SRR309173	factor	ecotype	Rsch-4
E-GEOD-30720		SRR309174	characteristic	age	11 day
E-GEOD-30720		SRR309174	characteristic	developmental stage	seedling	http://purl.obolibrary.org/obo/PO_0007131
E-GEOD-30720		SRR309174	characteristic	ecotype	Rsch-4
E-GEOD-30720		SRR309174	characteristic	organism	Arabidopsis thaliana	http://purl.obolibrary.org/obo/NCBITaxon_3702
E-GEOD-30720		SRR309174	characteristic	replicate	Rsch-4_bio_rep_2
E-GEOD-30720		SRR309174	factor	ecotype	Rsch-4
E-GEOD-30720		SRR309175	characteristic	age	11 day
E-GEOD-30720		SRR309175	characteristic	developmental stage	seedling	http://purl.obolibrary.org/obo/PO_0007131
E-GEOD-30720		SRR309175	characteristic	ecotype	Sf-2	http://www.ebi.ac.uk/efo/EFO_0006970
E-GEOD-30720		SRR309175	characteristic	organism	Arabidopsis thaliana	http://purl.obolibrary.org/obo/NCBITaxon_3702
E-GEOD-30720		SRR309175	characteristic	replicate	Sf-2_bio_rep_1
E-GEOD-30720		SRR309175	factor	ecotype	Sf-2	http://www.ebi.ac.uk/efo/EFO_0006970
E-GEOD-30720		SRR309176	characteristic	age	11 day
E-GEOD-30720		SRR309176	characteristic	developmental stage	seedling	http://purl.obolibrary.org/obo/PO_0007131
E-GEOD-30720		SRR309176	characteristic	ecotype	Sf-2	http://www.ebi.ac.uk/efo/EFO_0006970
E-GEOD-30720		SRR309176	characteristic	organism	Arabidopsis thaliana	http://purl.obolibrary.org/obo/NCBITaxon_3702
E-GEOD-30720		SRR309176	characteristic	replicate	Sf-2_bio_rep_2
E-GEOD-30720		SRR309176	factor	ecotype	Sf-2	http://www.ebi.ac.uk/efo/EFO_0006970
E-GEOD-30720		SRR309177	characteristic	age	11 day
E-GEOD-30720		SRR309177	characteristic	developmental stage	seedling	http://purl.obolibrary.org/obo/PO_0007131
E-GEOD-30720		SRR309177	characteristic	ecotype	Tsu-0
E-GEOD-30720		SRR309177	characteristic	organism	Arabidopsis thaliana	http://purl.obolibrary.org/obo/NCBITaxon_3702
E-GEOD-30720		SRR309177	characteristic	replicate	Tsu-0_bio_rep_1
E-GEOD-30720		SRR309177	factor	ecotype	Tsu-0
E-GEOD-30720		SRR309178	characteristic	age	11 day
E-GEOD-30720		SRR309178	characteristic	developmental stage	seedling	http://purl.obolibrary.org/obo/PO_0007131
E-GEOD-30720		SRR309178	characteristic	ecotype	Tsu-0
E-GEOD-30720		SRR309178	characteristic	organism	Arabidopsis thaliana	http://purl.obolibrary.org/obo/NCBITaxon_3702
E-GEOD-30720		SRR309178	characteristic	replicate	Tsu-0_bio_rep_2
E-GEOD-30720		SRR309178	factor	ecotype	Tsu-0
E-GEOD-30720		SRR309179	characteristic	age	11 day
E-GEOD-30720		SRR309179	characteristic	developmental stage	seedling	http://purl.obolibrary.org/obo/PO_0007131
E-GEOD-30720		SRR309179	characteristic	ecotype	Wil-2
E-GEOD-30720		SRR309179	characteristic	organism	Arabidopsis thaliana	http://purl.obolibrary.org/obo/NCBITaxon_3702
E-GEOD-30720		SRR309179	characteristic	replicate	Wil-2_bio_rep_1
E-GEOD-30720		SRR309179	factor	ecotype	Wil-2
E-GEOD-30720		SRR309180	characteristic	age	11 day
E-GEOD-30720		SRR309180	characteristic	developmental stage	seedling	http://purl.obolibrary.org/obo/PO_0007131
E-GEOD-30720		SRR309180	characteristic	ecotype	Wil-2
E-GEOD-30720		SRR309180	characteristic	organism	Arabidopsis thaliana	http://purl.obolibrary.org/obo/NCBITaxon_3702
E-GEOD-30720		SRR309180	characteristic	replicate	Wil-2_bio_rep_2
E-GEOD-30720		SRR309180	factor	ecotype	Wil-2
E-GEOD-30720		SRR309181	characteristic	age	11 day
E-GEOD-30720		SRR309181	characteristic	developmental stage	seedling	http://purl.obolibrary.org/obo/PO_0007131
E-GEOD-30720		SRR309181	characteristic	ecotype	Ws-0	http://www.ebi.ac.uk/efo/EFO_0005156
E-GEOD-30720		SRR309181	characteristic	organism	Arabidopsis thaliana	http://purl.obolibrary.org/obo/NCBITaxon_3702
E-GEOD-30720		SRR309181	characteristic	replicate	Ws-0_bio_rep_1
E-GEOD-30720		SRR309181	factor	ecotype	Ws-0	http://www.ebi.ac.uk/efo/EFO_0005156
E-GEOD-30720		SRR309182	characteristic	age	11 day
E-GEOD-30720		SRR309182	characteristic	developmental stage	seedling	http://purl.obolibrary.org/obo/PO_0007131
E-GEOD-30720		SRR309182	characteristic	ecotype	Ws-0	http://www.ebi.ac.uk/efo/EFO_0005156
E-GEOD-30720		SRR309182	characteristic	organism	Arabidopsis thaliana	http://purl.obolibrary.org/obo/NCBITaxon_3702
E-GEOD-30720		SRR309182	characteristic	replicate	Ws-0_bio_rep_2
E-GEOD-30720		SRR309182	factor	ecotype	Ws-0	http://www.ebi.ac.uk/efo/EFO_0005156
E-GEOD-30720		SRR309183	characteristic	age	11 day
E-GEOD-30720		SRR309183	characteristic	developmental stage	seedling	http://purl.obolibrary.org/obo/PO_0007131
E-GEOD-30720		SRR309183	characteristic	ecotype	Wu-0
E-GEOD-30720		SRR309183	characteristic	organism	Arabidopsis thaliana	http://purl.obolibrary.org/obo/NCBITaxon_3702
E-GEOD-30720		SRR309183	characteristic	replicate	Wu-0_bio_rep_1
E-GEOD-30720		SRR309183	factor	ecotype	Wu-0
E-GEOD-30720		SRR309184	characteristic	age	11 day
E-GEOD-30720		SRR309184	characteristic	developmental stage	seedling	http://purl.obolibrary.org/obo/PO_0007131
E-GEOD-30720		SRR309184	characteristic	ecotype	Wu-0
E-GEOD-30720		SRR309184	characteristic	organism	Arabidopsis thaliana	http://purl.obolibrary.org/obo/NCBITaxon_3702
E-GEOD-30720		SRR309184	characteristic	replicate	Wu-0_bio_rep_2
E-GEOD-30720		SRR309184	factor	ecotype	Wu-0
E-GEOD-30720		SRR309185	characteristic	age	11 day
E-GEOD-30720		SRR309185	characteristic	developmental stage	seedling	http://purl.obolibrary.org/obo/PO_0007131
E-GEOD-30720		SRR309185	characteristic	ecotype	Zu-0
E-GEOD-30720		SRR309185	characteristic	organism	Arabidopsis thaliana	http://purl.obolibrary.org/obo/NCBITaxon_3702
E-GEOD-30720		SRR309185	characteristic	replicate	Zu-0_bio_rep_1
E-GEOD-30720		SRR309185	factor	ecotype	Zu-0
E-GEOD-30720		SRR309186	characteristic	age	11 day
E-GEOD-30720		SRR309186	characteristic	developmental stage	seedling	http://purl.obolibrary.org/obo/PO_0007131
E-GEOD-30720		SRR309186	characteristic	ecotype	Zu-0
E-GEOD-30720		SRR309186	characteristic	organism	Arabidopsis thaliana	http://purl.obolibrary.org/obo/NCBITaxon_3702
E-GEOD-30720		SRR309186	characteristic	replicate	Zu-0_bio_rep_2
E-GEOD-30720		SRR309186	factor	ecotype	Zu-0
