<?xml version="1.0" encoding="UTF-8"?>

<configuration experimentType="rnaseq_mrna_baseline" r_data="1">
    <analytics>
        <assay_groups>
            <assay_group id="g1" label="15 day; C24 ecotype; aerial part">
                <assay>SRR1744378</assay>
                <assay>SRR2080053</assay>
                <assay>SRR2080032</assay>
                <assay>SRR2080031</assay>
                <assay>SRR1744379</assay>
                <assay>SRR2080054</assay>
            </assay_group>
            <assay_group id="g2" label="15 day; C24 x Ler; aerial part">
                <assay>SRR2080036</assay>
                <assay>SRR2080035</assay>
            </assay_group>
            <assay_group id="g3" label="15 day; L1-1; aerial part">
                <assay>SRR2080037</assay>
                <assay>SRR2080038</assay>
            </assay_group>
            <assay_group id="g4" label="15 day; L1-2; aerial part">
                <assay>SRR2080040</assay>
                <assay>SRR2080039</assay>
            </assay_group>
            <assay_group id="g5" label="15 day; L2-1; aerial part">
                <assay>SRR2080042</assay>
                <assay>SRR2080041</assay>
            </assay_group>
            <assay_group id="g6" label="15 day; L2-2; aerial part">
                <assay>SRR2080043</assay>
                <assay>SRR2080044</assay>
            </assay_group>
            <assay_group id="g7" label="15 day; L3-1; aerial part">
                <assay>SRR1744385</assay>
                <assay>SRR1744384</assay>
            </assay_group>
            <assay_group id="g8" label="15 day; L3-2; aerial part">
                <assay>SRR2080045</assay>
                <assay>SRR2080046</assay>
            </assay_group>
            <assay_group id="g9" label="15 day; L4-1; aerial part">
                <assay>SRR2080048</assay>
                <assay>SRR2080047</assay>
            </assay_group>
            <assay_group id="g10" label="15 day; L4-2; aerial part">
                <assay>SRR1744387</assay>
                <assay>SRR1744386</assay>
            </assay_group>
            <assay_group id="g11" label="15 day; Ler x C24; aerial part">
                <assay>SRR1744383</assay>
                <assay>SRR1744382</assay>
            </assay_group>
            <assay_group id="g12" label="15 day; Ler; aerial part">
                <assay>SRR1744381</assay>
                <assay>SRR2080055</assay>
                <assay>SRR2080056</assay>
                <assay>SRR1744380</assay>
                <assay>SRR2080034</assay>
                <assay>SRR2080033</assay>
            </assay_group>
            <assay_group id="g13" label="15 day; S2-1; aerial part">
                <assay>SRR2080049</assay>
                <assay>SRR2080052</assay>
                <assay>SRR2080050</assay>
                <assay>SRR2080051</assay>
            </assay_group>
            <assay_group id="g14" label="28 day; C24 ecotype; leaf">
                <assay>SRR1744353</assay>
                <assay>SRR1744350</assay>
                <assay>SRR1744351</assay>
                <assay>SRR1744352</assay>
            </assay_group>
            <assay_group id="g15" label="28 day; C24 x Ler; leaf">
                <assay>SRR1744358</assay>
                <assay>SRR1744359</assay>
            </assay_group>
            <assay_group id="g16" label="28 day; L1-1; leaf">
                <assay>SRR1744363</assay>
                <assay>SRR1744362</assay>
            </assay_group>
            <assay_group id="g17" label="28 day; L1-2; leaf">
                <assay>SRR1744364</assay>
                <assay>SRR1744365</assay>
            </assay_group>
            <assay_group id="g18" label="28 day; L2-1; leaf">
                <assay>SRR1744366</assay>
                <assay>SRR1744367</assay>
            </assay_group>
            <assay_group id="g19" label="28 day; L2-2; leaf">
                <assay>SRR1744369</assay>
                <assay>SRR1744368</assay>
            </assay_group>
            <assay_group id="g20" label="28 day; L3-1; leaf">
                <assay>SRR1744371</assay>
                <assay>SRR1744370</assay>
            </assay_group>
            <assay_group id="g21" label="28 day; L3-2; leaf">
                <assay>SRR1744372</assay>
                <assay>SRR1744373</assay>
            </assay_group>
            <assay_group id="g22" label="28 day; L4-1; leaf">
                <assay>SRR1744375</assay>
                <assay>SRR1744374</assay>
            </assay_group>
            <assay_group id="g23" label="28 day; L4-2; leaf">
                <assay>SRR1744377</assay>
                <assay>SRR1744376</assay>
            </assay_group>
            <assay_group id="g24" label="28 day; Ler x C24; leaf">
                <assay>SRR1744361</assay>
                <assay>SRR1744360</assay>
            </assay_group>
            <assay_group id="g25" label="28 day; Ler; leaf">
                <assay>SRR1744354</assay>
                <assay>SRR1744356</assay>
                <assay>SRR1744357</assay>
                <assay>SRR1744355</assay>
            </assay_group>
        </assay_groups>
    </analytics>
</configuration>
